Central	Pb	Cer	-	-	seNsa	-	-	-	-	ala	-	-	alto	-	ano	-	-	-	-	-	-	-	agosto	-	-	-	-	-	-	-	-	-	-	-	-	-	-	-	-	-	-	-	-	-	-	-	-	-	-	-	-	-	-	-	Zena	-	Zera	-	-	Zigare	Zimeze	-	-	-	kuCar	-	-	-	-	-	-	-	-	-	-	-	-	-	-	-	-	-	-	-	-	-	-	-	-	-	-	-	-	-	-	-	-	-	-	-	-	kaZa	Zima	-	-	-	-	-	-	-	-	-	-	-	-	-	-	-	-	-	-	-	-	-	-	-	-	-	dolZe	-	dodeze	-	-	-	-	-	-	-	-	-	-	-	-	-	-	-	-	-	-	-	-	-	-	febraro	-	-	-	-	-	-	-	-	-	-	-	-	-	-	-	-	-	-	-	furnar	-	-	-	-	-	-	-	-	-	-	-	granar	-	-	-	-	-	-	-	-	-	-	-	-	-	-	-	-	iNZeNdare	-	iNCavar	-	iNdormeNZarse	-	-	-	-	-	-	-	-	-	-	-	-	-	-	-	-	-	-	-	-	-	-	-	-	-	-	-	-	lojo	-	-	-	luZo	-	-	-	-	-	-	-	-	-	-	-	-	-	-	-	melaZo	meZonare	-	-	-	-	-	-	-	-	-	-	-	mulinar	-	-	-	-	-	-	-	mujer	-	-	-	-	-	-	-	-	-	-	-	-	-	-	-	-	-	-	noza	-	-	-	-	-	-	-	-	-	-	-	-	-	paNZa	-	-	-	-	-	-	-	-	-	-	-	-	-	-	-	-	-	-	-	-	-	-	-	-	-	-	-	-	-	-	-	-	-	-	-	-	-	-	-	-	-	-	-	-	-	-	-	-	-	-	-	-	-	poso	-	-	-	ZiNkwaNta	ZiNkwe	-	raiza	-	-	-	-	-	-	-	-	-	-	-	-	-	-	-	-	-	-	-	-	-	-	-	-	-	-	-	-	-	-	-	-	-	-	-	-	sie	-	-	-	-	somija	-	ZOkolo	-	-	-	-	-	-	-	-	-	-	-	-	-	-	-	-	-	-	-	-	-	-	-	-	-	-	-	-		-	-	-	-	-	-	-	-	-	-	-	-	-	-	-	-	-	-	-	oNZa	-	-	-	-	-	-	-	-	-	-	-	veNdri	-	-	-	-	-	-	-	-	-	-	-	-	-	-	-	-	-	-	-	-	-	-	-	-	GEmo	-	-	-	-	-	-	-	-	-	-	-	-	-	-	-	-	-	-	-	-	-	telaro	dezmisjarse	-	-	buzo	straZare	-	-	-	-	-	-	-	-	-	-	-	-	-	-	-	-	-	-	-	-	-	-	-	-	kaZwOlo	-	-	-	-	-	-	-	-	-	-	-	-	-	-	-	maZare	-	-	-	-	-	-	-	-	-	-	-	-	-	-	-	-	-	-	-	-	-	-	-	-	-	-	-	-	-	-	-	-	-	-	-	-	-	-	-	-	-	-	-	-	-
Central	Pb	Est	-	-	-	-	-	-	aNElo	ala	-	-	alto	-	ano	-	-	-	-	-	-	-	agOsto	-	-	-	-	-	-	-	-	-	-	-	-	-	-	-	-	-	-	-	-	-	-	-	-	-	-	-	-	-	-	-	Zena	-	Zera	-	-	Zigare	Zimeze	-	-	-	-	-	-	-	-	-	-	-	-	-	-	-	-	-	-	-	-	-	-	-	-	-	-	-	-	-	-	-	-	-	-	-	-	-	-	-	-	kaZa	Zima	-	-	-	-	-	-	-	-	-	-	-	-	-	-	-	-	-	-	-	-	-	-	-	-	-	dolZe	-	dodeze	-	-	-	-	-	-	-	-	-	-	-	-	-	-	-	-	-	-	-	-	-	-	-	-	-	-	-	-	-	-	-	-	-	-	-	-	-	-	-	-	-	-	-	-	-	-	-	-	-	-	-	-	-	-	-	-	-	-	-	-	-	-	-	-	-	-	-	-	-	-	-	iNZeNdare	-	-	-	iNdormeNZarse	-	-	-	-	-	-	-	-	-	-	-	-	-	-	-	-	-	-	-	-	-	-	-	-	-	-	-	-	-	-	-	-	luZo	-	-	-	-	-	-	-	-	-	-	-	-	-	-	-	melaZo	meZonare	-	-	-	-	-	-	-	-	-	-	-	-	-	-	-	-	-	-	-	-	-	-	-	-	-	-	-	-	-	-	-	-	-	-	-	-	-	-	-	-	-	-	-	-	-	-	-	-	-	-	-	-	paNZa	-	-	-	-	-	-	-	-	-	-	-	-	-	-	-	-	-	-	-	-	-	-	-	-	-	-	-	-	-	-	-	-	-	-	-	-	-	-	-	-	-	-	-	-	-	-	-	-	-	-	-	-	-	-	-	-	-	ZiNkwaNta	ZiNkwe	-	-	-	-	-	-	-	-	-	-	-	-	-	-	-	-	-	-	-	-	-	-	-	-	-	-	-	-	-	-	-	-	-	-	-	-	-	-	-	-	-	-	-	-	-	ZOkolo	-	-	-	-	-	-	-	-	-	-	-	-	-	-	-	-	-	-	-	-	-	-	-	-	-	-	-	-		-	-	-	-	-	-	-	-	-	-	-	-	-	-	-	-	-	-	-	oNZa	-	-	-	-	-	-	-	-	-	-	-	-	-	-	-	-	-	-	-	-	-	-	-	-	-	-	-	-	-	-	-	-	-	-	-	-	-	-	-	-	-	-	-	-	-	-	-	-	-	-	-	-	-	-	-	-	-	-	-	-	-	-	-	straZare	-	-	-	-	-	-	-	-	-	-	-	-	-	-	-	-	-	-	-	-	-	-	-	-	kaZwOlo	-	-	-	-	-	-	-	-	-	-	-	-	-	-	-	maZare	-	-	-	-	-	-	-	-	-	-	-	-	-	-	-	-	-	-	-	-	-	-	-	-	-	-	-	-	-	-	-	-	-	-	-	-	-	-	-	-	-	-	-	-	-
Central	Pb	Cv	-	-	-	-	-	-	-	aLa	-	-	alto	-	anu	-	-	-	-	-	-	-	agosto	-	-	-	-	-	-	-	-	-	-	-	-	-	-	-	-	-	-	-	-	-	-	-	-	-	-	-	-	-	-	-	Zena	-	Zera	-	-	Zigare	Zimeze	-	-	-	guCaro	-	-	-	-	-	-	-	-	-	-	-	-	-	-	-	-	-	-	-	-	-	-	-	-	-	-	-	-	-	-	-	-	-	-	-	-	kaZa	Zima	siziLa	-	-	-	-	-	-	-	-	despojarse	-	-	-	-	-	-	-	-	-	-	-	-	-	-	-	dolZe	-	dodeze	-	-	-	-	-	-	-	-	-	-	-	-	-	-	-	-	-	-	-	-	-	-	febraro	-	-	-	-	-	-	-	-	-	-	-	-	-	-	-	-	-	-	-	fornaro	-	-	-	-	-	-	-	-	-	-	-	granaro	-	-	-	-	-	-	-	-	-	-	-	-	-	-	-	-	iNZeNdare	-	-	-	iNdormeNZarse	-	-	-	-	-	-	-	-	-	-	-	-	-	-	-	-	-	-	-	-	-	-	-	-	-	-	-	-	-	-	-	-	luZo	-	-	-	-	-	-	-	-	-	-	-	-	-	-	-	melaZo	meZonare	-	-	-	-	-	-	-	-	-	-	-	-	-	-	-	-	-	-	-	mujEre	-	-	-	-	-	-	-	-	-	-	-	-	-	-	-	-	-	-	noza	-	-	-	-	-	-	-	-	-	-	-	-	-	paNZa	-	-	-	-	-	-	-	-	-	-	-	-	-	-	-	-	-	-	-	-	-	-	-	-	-	-	-	-	-	-	-	-	-	-	-	-	-	-	-	-	-	-	-	-	-	-	-	-	-	-	-	-	-	poso	-	-	-	ZiNkwaNta	ZiNkwe	-	-	-	-	-	-	-	-	-	-	-	-	-	-	-	-	-	-	-	-	-	-	-	-	-	-	-	-	-	-	-	-	-	-	-	-	-	-	sie	-	-	-	-	sumia	-	ZOkolo	-	-	-	-	sOrze	-	-	-	-	-	-	-	-	-	-	-	-	-	-	-	-	-	-	tajare	-	-	-	-		-	tENpo	-	-	-	-	-	-	-	-	-	-	-	-	-	-	-	-	-	oNZa	-	-	-	-	-	-	-	-	-	-	-	venare	-	-	-	-	-	-	-	-	-	-	-	-	-	-	-	-	-	-	-	-	-	-	-	-	Gemo	-	-	-	-	-	-	-	-	-	-	-	-	-	-	-	-	-	-	-	-	-	telaro	dezmisjarse	-	-	buzo	straZare	-	lake	-	-	-	-	-	-	-	-	-	-	-	-	-	-	-	-	-	-	-	-	-	-	kaZwOlo	-	-	-	zbigoLo	-	-	-	-	-	-	-	-	-	-	-	maZare	-	-	-	-	-	-	-	-	-	-	-	-	-	-	-	-	-	-	-	-	-	-	-	-	-	-	-	-	-	-	-	-	-	-	-	-	-	-	-	-	-	radize	-	-	-
Central	Pol	Pol	-	-	seNsa	-	-	-	-	-	-	-	-	-	-	-	-	-	-	raNu	-	-	-	-	-	-	-	-	-	-	-	-	boka	-	-	kavajo	-	-	-	-	kaNpo	-	-	-	kaveju	-	-	-	-	-	-	-	-	-	-	-	Zera	-	-	-	-	-	-	-	kuCaro	-	-	-	-	-	-	-	-	-	-	-	-	-	koNtENto	kuzinare	-	-	-	kOSa	-	-	-	-	-	-	-	kroze				kortELo		kO	kuja	-	-	kasa	-	-	-	-	diEze	deZeNbre	-	-	-	-	-	-	-	-	dir	dEo	-	drita	-	-	-	-	dOna	domEnega	-	-	dOZe	-	dodeze	CEza	Esere	asaGare	-	-	-	-	-	-	-	-	-	-	-	far	-	-	-	-	fame	-	-	febraro	fen	fEru	-	fiu	fjor	-	-	-	-	furmiga	-	-	-	-	-	fromENto	fumo	-	-	fornaro	forno	-	-	gaina	gaLo	-	-	7enOCo	-	-	-	granaro	graNdo	-	grOsu	-	-	-	-	-	GEri	Omo	-	-	-	-	-	-	-	-	-	-	-	-	-	-	-	-	-	-	-	-	-	7Ogu	-	-	-	-	-	-	laorar	late	lana	-	-	-	-	-	lEto	lE7are	-	-	-	-	-	-	-	-	luni	-	-	maNare	-	-	mare	-	martEo	marZo	-	-	mjEe	-	-	meze	-	-	-	-	-	-	-	-	-	-	munaro	moin	-	-	-	mOrto	-	-	mujEre	-	muru	moska	-	nazu	nadae	-	-	-	nevegare	nEve	-	-	-	nOte	-	-	-	noza	-	otobre	Oju	-	Osu	Ovo	-	-	-	-	-	-	-	-	-	-	-	-	-	-	-	-	pOko	-	pegoraro	-	-	-	-	-	pEe	-	pErdare	-	-	pErsego	pjE	-	-	-	-	-	-	-	peo	-	-	-	-	pese	-	-	-	-	-	-	pjoNbo	pju	-	-	-	pomu	-	-	-	-	-	poZo	kwatru	kwatOrdeze	kwiNdeze	ZiNkwaNta	-	-	raiza	-	-	-	rastEo	-	-	-	-	rOda	-	-	-	rota	saku	seda	-	-	-	-	-	saNto	-	-	skarafaj	-	skoa	skrivare	-	sedaze	-	-	sENpre	sEte	setENbre	sEra	-	sjE	sesaNta	-	-	-	sumija	se	-	-	soGa	sOLa	so	sorze	-	-	-	-	-	-	-	-	-	-	-	-	-	solfaro	-	figa	-	-	tajare	-	-	taNto	-		-	tENpo	-	-	-	-	-	7iu	tejo	-	-	-	-	-	-	trENta	-	-	-	-	-	ONdeze	-	oNGa	uno	Orso	-	vae	-	vena	-	vENdare	-	-	varsuro	vECo	veNti	-	-	vin	-	vErde	vedEo	-	-	vOdo	oLadega	-	-	-	volpe	-	-	-	-	frEDo	GEmo	-	-	-	-	-	-	tuto	-	-	-	-	lu	stO	-	-	-	-	-	-	-	-	telaro	-	-	-	-	-	-	laka	-	-	-	-	-	-	-	bizato	-	-	-	-	-	-	-	iNgateGar	-	-	-	-	-	-	kasOLo	-	-	-	-	-	-	-	-	-	-	-	-	-	-	-	-	-	-	-	-	-	-	-	-	putEo	-	-	-	-	-	-	-	-	-	-	-	-	-	-	-	-	-	-	-	-	-	-	-	-	-	-	-	-	-	fraDEo	-	-	-	-	vedova	-
Central	Pd	Mt	-	albEo	seNsa	akOrzarse	asE	ramo	aNEo	aLa	-	-	alto	aneLo	ano	azoLa	aNta	vErzare	postiso	raNo	skaLoNa	tEza	agOsto	-	-	baGare	baNkaLe	batOCo	batare	bisEsto	bruskare	-	bOka	-	bota	kavaLo	kagare	-	kalsina	-	kaNpo	kanaLe	graNso	kaNsoN	kavEjo	kavrjOLo	-	karbOn	garzare	kargare	karo	-	-	-	sena	senare	sera	-	sigaLa	sigare		seNtura	-	-	kuCaro	konoser	-	kOLo	-	koLoNbo	-	koLOna	koNpaNo	-	koNtare	koNsejo	-	-	koNteNto	kuzinare	kurame	korniza	skorlare	kOsa	-	krEto	kresare	krEda	krivELo	kruo	gropo	krOze	koare	kogoma	kolmo	kortELo	kuLo	ko	kuna	-	kurto	kasa	sima	siziLa	dalmeda	danare	djeze	-	deNte	-	zo	-	despojarse	destruzare	deveNtare	dEstra	-	doo	drisare		deskargare	speNdare	strasare	-	dOna	domenega	dOso	-	dolse	do	dodeze	Ceza	Esare	-	skaNpare	skoLare	skursare	speNzare	-	-	suto	stOrzare	strusjare	strukare	zvejare	-	faCeNda	fuina	fagaro	faLo	-	famEja	faLiva	febraro	feN	fEro	fjuba	fiLo	-	fugasa	fogo	fOLa	fOra	-	fOrsa	frakare	fraNzare	frasene	frizare	formeNto	fumo	foNgo	furegare	fornaro	-	gaza	-	gaLina	gaLo	-	-	-	zermanego	-	Gaso	granaro	-	grezo	grOso	goernare	-	-	Gosa	arELa	-	Omo	ordo	orto	-	urtare	La	iNkaNdire	iNseNdare	-	iNCavare	-	iNdormeNsar	desfaNtare	iNfjare	iNzenokarse	-	iNteNzare	iNtOrzere	iNtosegare	iNvidare	-	-	-	-	-	zoNta	denevaro	-	lavElo	laorare	late	Lana	laso	lareze	-	Lasare	-	-	lEzare	lekare	lOjo	-	Luganega	-	luso	-	luminaLe	Luni	lovo	makare	maNare	-	marsire	-	maridare	martELo	marso	masa	mEzo	-	melaso	-	meze	mErkore	meda	mejo	menare	menuaja	menuo	maraveja	misjare	metare	mOLa	munaro	-	mOjo	mOlo	moNtezELo	mOrto	movare	-	mujEre	muLo	muro	moska	modjoN	nazo	nadaLe	NeNte	-	nio	-	-	nOtoLa	-	nOvo	-	nuvoLo	noNsoLo	-	noza	sCuro	-	-	Opjo	Oso	vOvo	pagare	paLaso	-	paLu	panariso	paNdare	-	paNsa	paveja	paro	parlar	parare	-	pasuo	paso	-	-	puzar	pjegoraro	petenare	pekoLo	petare	pEzo	peLisa	pELe	peNdare	pErdare	-	peLegriN	pErsego	pje	pjEra	persemoLo	pEsa	paNtezare	fazjOLo	peso	pegoLa	-	depeNzare	pevare	pero	-	pese	pitaro	-	pjaNzare	pjasa	pjato	pjOvare	pjoNbo	pi	-	puzare	poLeNta	pomo	porTELo	-	prEsto	puLega	poNzare	poso	kwatro	kwatOrdeze	kwiNdeze	siNkwaNta	ZiNkwe	ko	raiza	rakoLa	rana	raNso	rostELo	arziva	roEso	roNkezare	ozmariN	rua	rodELa	-	roNpare	roto	sako	seda	-	saLe	saltaro	-	saLudare	saNtoLo	savere	sapa	skaravaso	sCeNza	-	-	segare	-	sELeno	semeNsa	seNpre	sEte	-	sera	serajo	sie	-	sjolare	sifoLare	sezeLa	someja	se	sOkoLo	soLaro	sOja	sjOLa	sjOLo	sur7e	spaLa	spjEra	spozo	-	staza	steLa	-	-	-	stropare	-	-	suare	solfaro	sordo	-	tavELa	tazare	tajare	-	tamizo	taNto	tastare	tasELo	teCa	tENpo	-	teNar	terasa	tErso	tasELo	zio	tejo	teNzare	-	tore	-	trE	dresa	treNta	-	-	-	oNsa	oNto	-	-	oNGa	-	-	vaLaNsana	vaLe	varOLo	-	-	venare	veNere	-	varsuro	-	-	vinasa	-	viN	verza	-	vedELo	vida	vivare	vOdo	oLadega	-	vOlta	gomjero	-	bolsegare	seNsaLa	moNzare	deskalso	fredo	Gemo	aNkuzene	laNbrusko	GENdena	nodare	-	-	tuto	bOsa	kaLizene	skuljEro	stroNso	Lu	sto	-	brOLo	brusko	saLizare	kadenaso	figaro	fOjo	frajare	tearo	dezmisjare	durELo	bol7a	buzo	strasare	roza	lake	-	venesjaN	aNdove	gwaLivare	barbuso	zbaCo	boNdoLa 	bizato	borana	-	burELa	skaLONa	-	-	karoLarse	iNkatijare	skarasa	-	komareso	-	-	konEjo	-	sizaLiN	-	durELo	briskoLo	skalfarOto	-	-	fritoLa	-	iNzeNarse	iNtimELa	zlavinare	-	vanEda	marOkoLo	masOLa	-	saLamora	-	pajOLa	panezELo	parusoLa	strapaso	pojana	-	skwasa	raNsio	ruspego	saNgwana	-	seCaro	skirato	soaza	-	-	spjumarOLa	sporkeso	stroparo	-	-	stiso	vaoN	varezare	barbastrELo	zvodare	-	bigoLo	mOkoLa	fErsa	skisa	jutare	garOfoLo	-	-	fradELo	-	-	-	ridare	-	butjero
Central	Pd	Te	-	albEo	seNsa	akOrzarse	asE	ramo	aNEo	ala	-	-	alto	aneLo	ano	azoLa	aNta	vErzare	postiso	raNo	skaLoNa	tEza	agosto	-	-	baGare	baNkaLe	batOCo	batare	bisEsto	bruskare	-	boka	-	bota	kavajo	kagare	-	kalsina	-	kaNpo	kanaLe	graNso	kaNsoN	kavejo	kavrjOLo	-	karbon	garzare	kargare	karo	-	-	-	sena	senare	CEra	-	sigaLa	sigare		seNtura	-	-	kuCaro	konoser	-	kOLo	-	koLoNbo	-	koLOna	koNpaNo	-	koNtare	koNsejo	-	-	koNteNto	kuzinare	kurame	korniza	skorlare	kOSa	-	krEto	kresare	krEda	krivELo	kruo	gropo	kroze	koare	kogoma	kolmo	kortELo	kuLo	ko	kuna	-	kurto	kasa	sima	siziLa	dalmeda	danare	djeze	-	deNte	-	zo	-	despojarse	destruzare	deveNtare	dEstra	-	doo	drisare		deskargare	speNdare	strasare	-	dOna	domenega	dOso	-	dolse	dO	dodeze	Ceza	Esare	-	skaNpare	skoLare	skursare	speNzare	-	-	suto	stOrzare	strusjare	strukare	zvejare	-	faCeNda	fuiN	fagaro	faLo	-	famEja	faLiva	febraro	feN	fEro	fjuba	fiLo	-	fugasa	fogo	fOLa	fOra	-	fOrsa	frakare	fraNzare	frasene	fridare	formeNto	fumo	foNgo	furegare	fornaro	-	gaza	-	gaLina	gaLo	-	-	-	zermanego	-	Gaso	granaro	-	grezo	grOso	goernare	-	-	Gosa	arELa	-	Omo	ordo	orto	-	urtare	La	iNkaNdire	iNseNdare	-	-	-	iNdormeNsar	desfaNtare	iNfjare	iNzenokarse	-	iNteNzare	iNtOrzere	iNtosegare	iNvidare	-	-	-	-	-	zoNta	denevaro	-	lavElo	laorare	late	Lana	laso	lareze	-	Lasare	-	-	lEzare	lekare	lOjo	-	Luganega	-	luso	-	luminaLe	Luni	lovo	makare	maNare	-	marsire	-	maridare	martELo	marso	masa	mEzo	-	melaso	-	meze	mErkore	meda	mejo	menare	menuaja	menuo	maraveja	misjare	metare	mOLa	munaro	-	mOjo	mOlo	moNtezELo	mOrt	movare	-	mujEre	muLo	muro	moska	modjoN	nazo	nadaLe	NeNte	-	nio	-	-	nOtoLa	-	nOvo	-	nuvoLo	noNsoLo	-	noze	sCuro	-	-	Opjo	Oso	vOvo	pagare	paLaso	-	paLu	panariso	paNdare	-	paNsa	paveja	paro	parlar	parare	-	pasuo	paso	-	-	puzar	pjegoraro	petenare	pekoLo	petare	pEzo	peLisa	pELe	peNdare	pErdare	-	peLegriN	pErsego	pje	pjEra	persemoLo	pEsa	paNtezare	fazjOLo	peso	pegoLa	-	depeNzare	pevare	pero	-	pese	pitaro	-	pjaNzare	pjasa	pjato	pjOvare	pjoNbo	pi	-	puzare	-	pomo	porTELo	-	prEsto	puLega	poNzare	puZi	kwatro	kwatOrdeze	kwiNdeze	siNkwaNta	siNkwe	ko	raiza	rakoLa	rana	raNso	rostELo	arziva	roEso	roNkezare	ozmariN	rua	rodELa	-	roNpare	roto	sako	seda	-	saLe	saltaro	-	saLudare	saNtoLo	savere	sapa	skaravadi	sCeNza	-	-	segare	-	sELeno	semeNsa	seNpre	sEte	-	sera	serajo	sje	-	sjolare	sifoLare	sezeLa	someja	se	sOkoLo	soLaro	sOja	sjOLa	sjOLo	sorze	spaLa	spjEra	spozo	-	staza	steLa	steoLa	-	-	stropare	-	-	suare	solfaro	sordo	-	tavELa	tazare	tajare	-	tamizo	taNto	tastare	tasELo	teCa	-	-	teNar	terasa	tErso	tasELo	zio	-	teNzare	-	tore	-	trE	dresa	treNta	tramODa	-	-	oNsa	oNto	-	-	oNGa	-	-	vaLaNsana	vaLe	varOLo	-	-	vENdare	veNere	-	varsuro	-	-	vinasa	-	viN	verza	-	vedELo	vida	vivare	vOdo	oLadega	-	vOlta	gomjero	-	bolsegare	seNsaLa	moNzare	deskalso	fredo	-	aNkuzene	laNbrusko	GENdena	nodare	-	-	tuto	bOsa	kaLizene	skuljEro	stroNso	Lu	sto	-	brOLo	brusko	saLizare	kadenaso	figaro	fOjo	frajare	tearo	dezmisjare	durELo	bol7a	buzo	strasare	roza	lake	-	venesjaN	aNdove	gwaLivare	barbuso	zbaCo	boNdoLa 	bizato	borana	-	burELa	skaLONa	-	-	karoLarse	iNkatijare	skarasa	-	komareso	-	-	konEjo	kasoLo	sizaLiN	-	durELo	biskoLo	skalfarOto	-	-	fritoLa	-	iNzeNarse	iNtimELa	zlavinare	-	vanEda	marOkoLo	masOLa	-	saLamora	-	pajOLa	panezELo	parusoLa	strapaso	pojana	-	skwasa	raNsio	ruspego	saNgwana	-	seCaro	skirato	soaza	sujaro	-	spjumarOLa	sporkeso	stroparo	-	-	stiZo	vaoN	varezare	barbastrELo	zvodare	-	bigoLo	mOkoLa	fErsa	skisa	jutare	garOfoLo	-	-	fradELo	-	-	-	ridare	-	butjero
Central	Vc	Cp	vaNsare	aveso	sENZa	-	asa	-	aNElo	-	-	-	-	-	ano	azoLa	aNtani	vErzare	-	-	-	tEza	-	-	-	-	baNkaLe	batOCo	batare	-	bruskare	-	boka	buDarare	-	kavaGo	-	-	kalsina	-	-	-	-	-	kavejo	-	-	karboN	-	kargare	-	karedar	-	-	-	senare	-	-	-	sigare	-	-	-	-	kuCaro	-	-	-	-	koloNbo	-	-	-	-	koNtare	-	-	-	-	-	korame	korniza	skorlare	-	-	-	-	krEa	krivELo	-	grOpo	kroze	koare	kogoma	kolmo	-	-	ko	kuna	-	kurto	kasa	-		dalmeda	danare	djeze	-	-	zozo	Do	-		-	-	-	dire	doo	-	-	skargar	-	-	-	dOna	-	-	dozeNto	-	do	dodeze	-	-	sajar	skaNpare	-	skursare	-	-	-	suto	-	strusjare	strukare	-	-	-	fuiN	faGaro	FaLo	-	-	faLiva	febraro	feN	fEro	fjuba	-	fjora	-	fogo	-	Fora	-	-	frakare	-	frasene	frizare	formeNto	-	-	furegare	fornaro	-	gaza	-	-	gaLo	-	-	DenOCo	-	DErla	Gaso	granaro	-	-	-	gwernare	-	zGosar	Gosa	arELa	elGeri	Omo	ordo	-	-	urtare	-	iNkaNdire	-	-	iNCavare	-	iNdormeNsar	-	iNfjarse	-	-	iNteN7er	iNtOrdarse	-	iNvidare	-	-	Dogo	Dovo	zoNtare	zoNta	Denevre	Doene	lavElo	-	late	-	-	arse	lavaoro	Lasar	-	-	-	-	ojo	lOZa	-	-	-	-	luminaLe	-	-	makare	-	maNteNer	-	-	maridare	-	marso	-	mEDo	-	-	mesonare	meze	-	-	mejo	menar	-	-	-	misjare	-	-	munaro	-	mOjo	mOlo	-	-	-	-	-	-	muro	-	-	-	-	-	-	-	Nevegar	-	-	-	-	-	-	-	-	noza	-	-	-	Opjo	Oso	ovo	-	-	-	-	-	paNdare	-	-	pavEla	paro	parlar	parare	-	-	-	-	-	-	pjegoraro	petenare	-	petare	pEDo	-	pELe	-	-	-	-	pErsego	pje	-	parsimoLo	-	paNtezare	-	peso	pegoLa	-	-	pevare	pero	-	pese	-	-	pjaNDare	-	-	pjOvare	-	pi	-	-	-	pomo	-	-	-	polde	-	-	kwatro	-	-	-	siNkwe	ko	raiza	-	rane	-	rastELo	arDiva	ruErso	roNkezare	guzmariN	rua	ruELa	-	-	-	-	seda	sedola	-	-	-	-	saNtoLo	savere	-	-	-	-	-	segare	-	-	-	-	sEte	-	-	-	sie	-	sigoLare	-	sezola	somejare	se	-	-	sOja	-	-	-	-	spjera	-	-	-	steLa	-	streNto	streNdare	stropare	-	-	suare	solFare	-	-	-	tazare	tajare	tamari7a	tamizo	taNto	tastare		-	tENpo	-	teNar	-	-	-	-	teGo	-	togo	tore	travErso	tri	dresa	-	tramO7a	trepie	-	-	-	-	-	oNGa	-	-	vaLaNsana	-	-	-	-	vENdra	-	-	-	-	-	-	-	-	-	verde	-	-	-	gujo	oLadega	-	-	gomjero	bolpe	bolsegare	GeNsale	-	-	-	GEmo	-	-	GENdena	-	-	-	tuto	bOsa	kalizine	skuljero	-	-	sto	-	brOLo	-	-	kadenaso	figaro	-	-	telaro	-	durELo	bol7a	buzo	-	roza	-	-	-	-	-	-	zbaCar	baldonELa	bizata	borana	buDarona	-	-	-	kavejara	-	-	-	bigoLo	-	-	-	-	-	siziLiN	-	durELo	briskoLo	-	-	-	fritoLa	fornEla	iNzeNar	-	zlavinare	liroN	vanEda	marOkoLi	-	-	-	-	pajoLa	-	-	-	-	-	-	raNzego	ruspjo	saNgweta	-	-	skirato	soaza	sojale	-	spjumarOLa	-	stroparo	tesaro	tajaro	stiso	-	varedar	barbastijo	ujar	vualtri	bigolo	mokare	fErsa	-	-	-	-	deskadEr	-	-	-	-	-	-	butjero
Central	Vc	Ez	vaNsare	aveso	sENsa	-	asa	-	aNEo	-	-	-	-	-	ano	azoLa	aNtani	vErzare	-	-	-	tEza	-	-	-	-	baNkaLe	batOCo	batare	-	bruskare	-	boka	buDarare	-	kavaGo	-	-	kalsina	-	-	-	-	-	kavejo	-	-	karboN	-	kargare	-	karedar	-	-	-	senare	-	-	-	sigare	-	-	-	-	-	-	-	-	-	koloNbo	-	-	-	-	koNtare	-	-	-	-	-	korame	korniza	skorlare	-	-	-	-	krEa	krivELo	-	grOpo	kroze	koare	kogoma	kolmo	-	-	ko	kuna	-	kurto	kasa	-	siziLa	dalmeda	danare	djeze	-	-	zozo	Do	-	despujate	-	-	-	dire	doo	-	-	skargar	-	-	-	dOna	-	-	dozeNto	-	do	dodeze	-	-	sajar	skaNpare	-	skursare	-	-	-	suto	-	strusjare	strukare	-	fare	-	-	fagaro	FaLo	-	-	faLiva	febraro	feN	fEro	fjuba	-	fjora	-	fogo	-	Fora	-	-	frakare	-	frasene	frizare	formeNto	-	-	furegare	fornaro	-	gaza	-	-	gaLo	-	-	DenOCo	-	DErla	Gaso	granar	-	-	-	gwernare	-	zGosar	Gosa	arELa	elGeri	Omo	ordo	-	-	urtare	-	iNkaNdire	-	-	iNCavare	-	iNdormeNsar	-	iNfjarse	-	-	iNteN7er	iNtOrdarse	-	iNvidare	-	-	Dogo	Dovo	zoNtare	zoNta	Denevre	Doene	lavElo	-	late	-	-	arse	lavaoro	Lasar	-	-	-	-	lOjo	losa	-	-	-	-	luminaLe	-	-	makare	-	maNteNer	-	-	maridare	-	marso	-	mEDo	-	-	mesonare	meze	-	-	mejo	menar	-	-	-	misjare	-	-	munaro	-	mOjo	mOlo	-	-	-	moldar	-	-	muro	-	-	-	-	-	-	-	Nevegar	-	-	-	-	-	-	-	-	noza	-	-	-	Opjo	Oso	ovo	-	-	-	-	-	paNdare	-	-	pavEla	paro	parlar	parare	-	-	-	-	-	-	-	petenare	-	petare	pEDo	-	pELe	-	-	-	-	pErsego	pje	-	parsimoLo	-	paNtezare	-	peso	pegoLa	-	-	pevare	pero	-	pese	-	-	pjaNDare	-	-	pjOvare	-	pi	-	-	-	pomo	-	-	-	polde	-	-	kwatro	-	-	-	siNkwe	ko	raiza	-	rane	-	rastELo	arDiva	ruErso	roNkezare	guzmariN	rua	ruELa	-	-	-	-	seda	sedola	-	-	-	-	saNtoLo	savere	-	-	-	-	-	segare	-	-	-	-	sEte	-	-	-	sie	-	sigoLare	-	sesoLa	somejare	se	-	-	soja	-	-	sor7e	-	spjera	-	-	-	steLa	steole	streNto	streNdare	stropare	-	-	suare	solFare	-	-	-	tazare	tajare	tamari7a	tamizo	taNto	tastare		-	tENpo	-	teNar	-	-	-	-	teGo	-	togo	tore	travErso	tri	dresa	-	tramO7a	trepie	-	-	-	-	-	oNGa	-	-	vaLaNsana	-	-	-	-	venare	-	-	-	-	-	-	-	-	-	verde	-	-	-	gujo	oLadega	-	-	gomjero	bolpe	bolsegare	GeNsale	-	-	-	GEmo	-	-	GENdena	-	-	-	tuto	bOsa	kalizine	skuljero	-	-	sto	-	brOLo	-	-	kadenaso	figaro	-	-	teLaro	dezmisjarse	durELo	bol7a	buzo	-	roza	-	-	-	-	-	-	zbaCar	baldonELa	bizata	borana	buDarona	-	-	-	kavejara	-	-	-	bigoLo	-	-	-	-	-	siziLiN	-	durELo	briskoLo	-	-	-	fritoLa	fornEla	iNzeNar	-	zlavinare	liroN	vanEda	marOkoLi	-	-	-	-	pajoLa	-	-	-	-	-	-	raNzego	ruspjo	saNgweta	-	-	skirato	soaza	sojal	-	spjumarOLa	-	stroparo	tesaro	tajaro	stiZo	-	varedar	barbastijo	ujar	vualtri	bigolo	mokare	fErsa	-	-	-	-	deskadEr	-	-	-	-	-	-	butjero
Central	Vc	Mb	vaNsare	aveso	sENsa	-	asa	-	aNelo	-	-	-	-	-	ano	azoLa	aNtani	vErzare	-	-	-	tEza	-	-	-	-	baNkaLe	batOCo	batare	-	bruskare	-	boka	buDarare	-	kavaGo	-	-	kalsina	-	-	-	-	-	kavejo	-	-	karboN	-	kargare	-	karedar	-	-	-	senare	-	-	-	sigare	-	-	-	-	guCaro	-	-	-	-	koloNbo	-	-	-	-	koNtare	-	-	-	-	-	korame	korniza	skorlare	-	-	-	-	krEa	krivELo	-	grOpo	kroze	koare	kogoma	kolmo	-	-	ko	kuna	-	kurto	kasa	-	sizila	dalmeda	danare	djeze	-	-	zozo	Do	-	-	-	-	-	dire	doo	-	-	skargar	-	-	-	dOna	-	-	dozeNto	-	do	dOdeze	-	-	sajar	skaNpare	-	skursare	-	-	-	suto	-	strusjare	strukare	-	fare	-	fuiN	fagaro	FaLo	-	-	faLiva	febraro	feN	fEro	fjuba	-	fjora	-	fogo	-	-	-	-	frakare	-	frasene	frizare	formeNto	-	-	furegare	fornaro	-	gaza	-	-	gaLo	-	-	DenOCo	-	DErla	Gaso	granaro	-	-	-	gwernare	-	zGosar	Gosa	arELa	elGeri	Omo	ordo	-	-	urtare	-	iNkaNdire	-	-	iNCavare	-	iNdormeNsar	-	iNfjarse	-	-	iNteN7er	iNtOrdarse	-	iNvidare	-	-	Dogo	Dovo	zoNtare	zoNta	Denevre	Doene	lavElo	-	late	-	laso	arse	lavaoro	Lasar	-	-	-	-	lOjo	lOZa	-	-	-	-	luminaLe	-	-	makare	-	maNteNer	-	-	maridare	-	marso	-	mEDo	-	-	mesonare	meze	-	-	mejo	menar	-	-	-	misjare	-	-	munaro	-	mOjo	mOlo	-	-	-	-	-	-	muro	-	-	-	-	-	-	-	Nevegar	-	-	-	-	-	-	-	-	noze	-	-	-	Opjo	Oso	ovo	-	-	-	-	-	paNdare	-	-	pavEla	paro	parlar	parare	-	-	-	-	-	-	-	petenare	-	petare	pEDo	-	pELe	-	-	-	-	pErsego	pje	-	parsimoLo	-	paNtezare	-	peso	pegoLa	-	-	pevare	pero	-	pese	-	-	pjaNDare	-	-	pjOvare	-	pi	-	-	-	pomo	-	-	-	polde	-	-	kwatro	-	-	-	siNkwe	ko	raiza	-	rane	-	rastELo	arDiva	rovErso	roNkezare	guzmariN	rua	ruELa	-	-	-	-	seda	sedola	-	-	-	-	saNtoLo	savere	-	-	-	-	-	segare	-	-	-	-	sEte	-	-	-	sie	-	sigoLare	-	sesoLa	somejare	se	-	-	sOja	-	-	sorze	-	spjera	-	-	-	steLa	steole	streNto	streNdare	stropare	-	-	suare	solFare	-	-	-	tazare	tajare	tamari7a	tamizo	taNto	tastare		-	tENpo	-	teNar	-	-	-	-	teGo	-	togo	tore	travErso	tri	dresa	-	tramO7a	trepie	-	-	-	-	-	oNGa	-	-	vaLaNsana	-	-	-	-	venare	-	-	-	-	-	-	-	-	-	verde	-	-	-	gujo	oLadega	-	-	gomjero	bolpe	bolsegare	GeNsale	-	-	-	GEmo	-	-	GENdena	-	-	-	tuto	bOsa	kalizine	skuljero	-	-	sto	-	brOLo	-	-	kadenaso	figaro	-	-	teLaro	-	durELo	bol7a	buzo	-	roza	-	-	-	-	-	-	zbaCar	baldonELa	bizata	borana	buDarona	-	-	-	kavejara	-	-	-	-	-	-	-	-	-	siziLiN	-	durELo	biskoLo	-	-	-	fritoLa	fornEla	iNzeNar	-	zlavinare	liroN	vanEda	marOkoLi	-	-	-	-	pajoLa	-	-	-	-	-	-	raNzego	ruspjo	saNgweta	-	-	skirato	soaza	sojale	-	spjumarOLa	-	stroparo	tesaro	tajaro	stiso	-	varedar	barbastijo	ujar	vualtri	bigolo	mokare	fErsa	-	-	-	-	deskadEr	-	-	-	-	-	-	butjero
Central	Vc	Ton	vaNsare	aveso	sENsa	-	asa	-	aNElo	-	-	-	-	-	ano	azoLa	aNtani	vErzare	-	-	-	tEza	-	-	-	-	baNkaLe	batOCo	batare	-	bruskare	-	boka	buDarare	-	kavaGo	-	-	kalsina	-	-	-	-	-	kavejo	-	-	karboN	-	kargare	-	karedar	-	-	-	senare	-	-	-	sigare	-	-	-	-	guCaro	-	-	-	-	koloNbo	-	-	-	-	koNtare	-	-	-	-	-	korame	korniza	skorlare	-	-	-	-	krEa	krivELo	-	grOpo	kroze	koare	kogoma	kolmo	-	-	ko	kuna	-	kurto	kasa	-		dalmeda	danare	djeze	-	-	zozo	Do	-	-	-	-	-	dire	doo	-	-	skargar	-	-	-	dOna	-	-	dozeNto	-	do	dodeze	-	-	sajar	skaNpare	-	skursare	-	-	-	suto	-	strusjare	strukare	-	fare	-	fuiN	fagaro	FaLo	-	-	faLiva	febraro	feN	fEro	fjuba	-	fjora	-	fogo	-	-	-	-	frakare	-	frasene	frizare	formeNto	-	-	furegare	fornaro	-	gaza	-	-	gaLo	-	-	DenOCo	-	DErla	Gaso	-	-	-	-	gwernare	-	zGosar	Gosa	arELa	elGeri	Omo	ordo	-	-	urtare	-	iNkaNdire	-	-	iNCavare	-	iNdormeNsar	-	iNfjarse	-	-	iNteN7er	iNtOrdarse	-	iNvidare	-	-	Dogo	Dovo	zoNtare	zoNta	Denevre	Doene	lavElo	-	late	-	laso	arse	lavaoro	Lasar	-	-	-	-	lOjo	loZa	-	-	-	-	luminaLe	-	-	makare	-	maNteNer	-	-	maridare	-	marso	-	mEDo	-	-	mesonare	meze	-	-	mejo	menar	-	-	-	misjare	-	-	munaro	-	mOjo	mOlo	-	-	-	-	-	-	muro	-	-	-	-	-	-	-	Nevegar	-	-	-	-	-	-	-	-	noza	-	-	-	Opjo	Oso	ovo	-	-	-	-	-	paNdare	-	-	pavEla	paro	parlar	parare	-	-	-	-	-	-	-	petenare	-	petare	pEDo	-	pELe	-	-	-	-	pErsego	pje	-	parsimoLo	-	paNtezare	-	peso	pegoLa	-	-	pevare	pero	-	pese	-	-	pjaNDare	-	-	pjOvare	-	pi	-	-	-	pomo	-	-	-	polde	-	-	kwatro	-	-	-	siNkwe	ko	raiza	-	rane	-	rastELo	arDiva	rovErso	roNkezare	guzmariN	rua	ruELa	-	-	-	-	seda	sedola	-	-	-	-	saNtoLo	savere	-	-	-	-	-	segare	-	-	-	-	sEte	-	-	-	sie	-	sigoLare	-	sezula	somejare	se	-	-	sOja	-	-	sor7e	-	spjera	-	-	-	steLa	steole	streNto	streNdare	stropare	-	-	-	solFare	-	-	-	tazare	tajare	tamari7a	tamizo	taNto	-		-	tENpo	-	teNar	-	-	-	-	teGo	-	togo	tore	travErso	tri	dresa	-	tramO7a	trepie	-	-	-	-	-	oNGa	-	-	vaLaNsana	-	-	-	-	vENdre	-	-	-	-	-	-	-	-	-	verde	-	-	-	gujo	oLadega	-	-	gomjero	bolpe	bolsegare	GeNsale	-	-	-	GEmo	-	-	GENdena	-	-	-	tuto	bOsa	kalizine	skuljero	-	-	sto	-	brOLo	-	-	kadenaso	figaro	-	-	teLaro	-	durELo	bol7a	buzo	-	roza	-	-	-	-	-	-	zbaCar	baldonELa	bizata	borana	buDarona	-	-	-	kavejara	-	-	-	-	-	-	-	-	-	siziLiN	-	-	briskoLo	-	-	-	fritoLa	fornEla	iNzeNar	-	zlavinare	liroN	vanEda	marOkoLi	-	-	-	-	pajoLa	-	-	-	-	-	-	raNzego	ruspjo	saNgweta	-	-	skirato	soaza	soja	-	spjumarOLa	-	stroparo	tesaro	tajaro	stiso	-	varedar	barbastijo	ujar	vualtri	bigolo	mokare	fErsa	-	-	-	-	deskadEr	-	-	-	-	-	-	butjero
Central	Sg	Rc	-	aveso	sENsa	-	-	-	aNEl	-	-	-	-	-	-	-	-	-	-	-	-	-	-	-	-	-	-	-	-	-	-	-	-	-	-	-	-	-	-	-	-	-	-	-	-	-	-	-	-	-	-	-	-	-	-	-	-	-	-	-	-	-	-	-	kuCaro	-	-	-	-	-	-	-	-	-	-	-	-	-	-	-	-	-	-	-	-	-	-	-	-	-	-	-	-	-	-	-	-	-	-	-	-	-	-	-	daNbra	-	-	-	-	-	-	-	despojarse	-	-	-	-	-	-	-	-	-	-	-	-	-	-	-	-	-	dodeze	-	-	-	-	-	-	-	-	-	-	-	-	-	-	-	-	-	faGaro	-	-	-	-	febraro	-	-	-	-	-	-	-	-	-	-	-	-	-	-	-	-	-	-	-	-	-	-	-	-	-	-	-	-	-	-	-	granaro	-	-	-	-	-	-	-	-	-	-	-	-	-	-	-	-	-	-	-	-	-	-	-	-	-	-	-	-	-	-	-	-	-	-	-	-	-	lavElo	-	-	-	-	-	-	-	-	-	-	-	-	loZa	-	-	-	-	-	-	-	-	-	-	-	-	-	-	-	-	-	-	-	-	-	-	-	-	-	-	-	-	-	-	-	molinaro	-	-	-	-	-	-	molzer	-	-	-	-	-	-	-	-	-	-	-	-	-	-	-	-	-	-	-	noza	-	-	-	-	-	-	-	-	-	-	-	-	-	-	-	-	-	-	-	-	-	-	-	-	-	-	-	-	-	-	-	-	-	-	-	-	-	-	-	-	-	-	-	-	-	-	-	-	-	-	-	-	-	-	-	-	-	-	-	-	-	-	-	-	-	-	-	-	-	-	-	-	-	-	raiza	-	-	-	-	-	-	-	-	-	-	-	-	-	-	-	sedola	-	-	-	-	-	-	-	-	-	-	-	-	-	-	-	-	-	-	-	seraja	sej	-	-	-	-	someja	-	-	-	-	-	-	sorze	-	-	-	-	-	-	-	-	-	-	-	-	-	-	-	-	-	-	-	tamarize	-	-	-		-	-	-	-	-	-	-	-	tejo	-	too	-	-	-	-	-	-	-	-	-	-	-	-	-	-	-	-	-	-	-	-	veNdri	-	-	-	-	-	-	-	-	-	-	-	-	-	-	olajga	-	-	-	-	bosegar	-	-	-	-	-	-	-	-	-	-	-	-	-	-	-	-	-	-	-	-	-	-	-	-	-	-	telaro	dezmisjarse	-	-	buzo	-	-	laka	-	-	-	-	-	-	-	-	-	-	boliN	-	-	-	-	-	-	-	-	-	-	-	-	-	-	-	-	-	-	-	-	-	-	-	-	-	-	-	-	-	-	-	-	-	-	-	-	-	-	-	-	-	-	-	-	-	-	-	-	-	-	-	taGEro	-	-	-	-	-	-	-	-	-	-	-	-	-	-	-	-	-	-	-	-	-
Central	Sg	Vi	-	aveZ	sENTa	-	-	-	aNEl	-	-	-	-	-	-	-	-	-	-	-	-	-	-	-	-	-	-	-	-	-	-	-	-	-	-	-	-	-	-	-	-	-	-	-	-	-	-	-	-	-	-	-	-	-	-	-	-	-	-	-	-	-	-	-	kuCar	-	-	-	-	-	-	-	-	-	-	-	-	-	-	-	-	-	-	-	-	-	-	-	-	-	-	-	-	-	-	-	-	-	-	-	-	-	-	-	daNbra	-	-	-	-	-	-	-	-	-	-	-	-	-	-	-	-	-	-	-	-	-	-	-	-	-	dodeze	-	-	-	-	-	-	-	-	-	-	-	-	-	-	-	-	-	-	-	-	-	-	febrar	-	-	-	-	-	-	-	-	-	-	-	-	-	-	-	-	-	-	-	-	-	-	-	-	-	-	-	-	-	-	-	-	-	-	-	-	-	-	-	-	-	-	-	-	-	-	-	-	-	-	-	-	-	-	-	-	-	-	-	-	-	-	-	-	-	-	-	-	-	lavElo	-	-	-	-	-	-	-	-	-	-	-	-	-	-	-	-	-	-	-	-	-	-	-	-	-	-	-	-	-	-	-	-	-	-	-	-	-	-	-	-	-	-	-	-	molinar	-	-	-	-	-	-	molGer	-	-	-	-	-	-	-	-	nEZa	-	-	-	-	-	-	-	-	-	-	noS	-	-	-	-	-	-	-	-	-	-	-	-	-	-	-	-	-	-	-	-	-	-	-	-	pegorar	-	-	-	-	-	-	-	-	-	-	-	-	-	-	-	-	-	-	-	-	-	-	-	-	-	-	-	-	-	-	-	-	-	-	-	-	-	-	-	-	-	-	-	-	-	-	-	-	-	raiS	-	-	-	-	-	-	-	-	-	-	-	-	-	-	-	-	-	-	-	-	-	-	-	-	-	-	-	-	-	-	-	-	-	-	-	-	sEj	-	-	-	-	somia	-	-	-	-	-	-	-	-	-	-	-	-	-	-	-	-	-	-	-	-	-	-	-	-	-	-	tamarize	-	-	-		-	-	-	-	-	-	-	-	teGo	-	too	-	-	-	-	-	-	-	-	-	-	-	-	-	-	-	-	-	-	-	-	vENdr	-	-	-	-	-	-	-	-	-	-	-	-	-	-	olajga	-	-	-	-	bosegar	-	-	-	-	-	-	-	-	-	-	-	-	-	-	-	-	-	-	-	-	-	-	-	-	-	-	telar	-	-	-	-	-	-	laka	-	-	-	-	-	-	-	-	-	-	boliN	-	-	-	-	-	-	-	-	-	-	-	-	-	-	-	-	-	-	-	-	-	-	-	-	-	-	-	-	-	-	-	-	-	-	-	-	-	-	-	-	-	-	-	-	-	-	-	-	-	-	-	taGEro	-	-	-	-	-	-	-	-	-	-	-	-	-	-	-	-	-	-	-	-	-
Coastal	G	Bs	-	-	-	-	-	-	aNEl	ala	-	-	alt	-	ano	-	-	-	-	varaNo	-	-	agOst	-	-	-	-	-	-	-	-	-	boka	-	-	kaval	-	-	-	-	kaNp	-	-	-	kavEl	-	-	karboN	-	-	kar	-	-	-	-	-	sEra	-	-	-	-	-	-	-	-	-	-	-	-	-	-	-	-	-	-	-	-	-	koNteNt	-	-	-	-	-	-	-	-	-	-	-	-	krOze	-	-	-	kurtEl	-	-	-	-	-	-	-	-	-	-	diEze	disENbre	dENt	-	-	-	-	-	-		dir	dE	-	drEta	-	-	-	zOrno		domenega	-	-	dols	dO	dOdize	Ceza	Eser	-	-	-	-	-	-	-	-	-	-	-	-	far	-	-	-	-	fame	-	-	fevrar	fEn	fEr	-	fil	fjOr	-	fOgo	-	-	furmiga	-	-	-	-	-	-	fun	fONgo	-	-	forno	-	-	-	gal	-	-	zenOC	-	-	-	-	graNdo	-	grOs	-	-	-	-	-	-	Omo	-	-	-	-	-	-	-	-	-	-	-	-	-	-	-	-	-	-	-	-	dizun	zugo	-	-	-	-	-	-	lavorar	lat	lana	-	-	-	-	-	lEt	lEzar	-	-	-	-	-	-	-	-	luni	lOu	-	maNar	-	-	mar	-	martEl	mars	-	-	mjEl	-	-	-	-	-	-	-	-	-	-	-	-	-	-	mulin	-	-	-	mOrt	-	-	-	mul	-	mOska	-	nazo	-	-	-	-	nevegar	neve	-	novembre	nOu	nOte	-	-	-	-	-	otObre	Ojo	-	Os	Ou	-	-	-	-	-	-	-	-	-	-	-	-	-	-	-	-	pOk	-	-	-	-	-	-	-	pEla	-	-	-	-	pErsego	pjE	-	-	-	-	-	-	-	pEl	-	-	-	-	pes	-	-	-	-	-	-	pjONbo	pju	pjOva	-	poleNta	pOmo	-	-	-	-	-	-	kwatro	kwatOrdeze	kwiNdeze	siNkwaNta	siNkwe	kO	-	-	-	-	rastEl	-	-	-	-	rOda	-	-	-	-	sako	seda	-	saLe	-	-	-	saNt	-	-	-	-	skOva	skrivar	-	sEdeze	-	-	sENpre	sEte	setENbre	sera	-	sjE	sesaNta	-	-	-	-	sEde	-	-	-	siOla	-	-	-	-	-	-	-	stela	-	-	-	-	-	sutil	-	-	-	figa	-	-	-	tamarizo	-	-	-		-	tENp	-	-	-	-	-	sio	-	-	-	-	-	-	-	trENta	-	-	-	-	-	uNdeze	-	ONGa	un	Ors	-	-	-	vena	-	-	viNir	-	varsOr	vEC	-	-	-	vin	-	vErdo	vidEl	-	-	vOjdo	-	-	-	-	bolpe	-	-	-	-	frEdo	-	-	-	-	-	-	-	tut	-	-	-	-	-	-	-	brOjlo	-	-	-	-	-	-	-	-	-	-	-	-	-	-	-	-	NdOve	-	-	-	-	-	-	-	-	-	-	-	-	-	-	-	-	skumiNsjar	-	-	-	-	-	-	-	-	-	-	-	-	-	-	-	-	-	-	-	-	-	-	-	-	-	-	-	putEl	-	-	-	-	-	-	-	-	-	-	-	-	-	-	-	-	-	-	-	zvOdo	-	-	-	-	-	-	-	-	-	fradEl	-	-	-	-	vedua	-
Coastal	G	Gr	-	-	sENsa	-	-	-	aNEl	ala	-	-	alto	-	ano	-	-	-	-	raNo	-	-	agOsto	-	-	-	-	-	-	-	-	-	boka	-	-	kavalo	-	-	-	-	kaNpo	-	-	-	kavelo	-	-	garboN	-	-	karo	-	-	-	-	-	sera	-	-	-	-	-	-	-	-	-	-	-	-	-	-	-	-	-	-	-	-	-	koNteNto	kuzina	-	-	-	kOsa	-	-	-	-	-	-	-	krOze	-	-	-	kortElo	-	-	-	-	-	-	-	-	-	-	dieze	disENbre	-	-	-	-	despujase	-	-	dEsta	di	deo	-	drita	-	-	-	7orno		domEnega	-	-	dOlse	dO	dOdeze	CEza	Esa	-	-	-	-	-	-	-	-	-	-	-	-	fa	-	-	fagEr	-	fame	-	-	fevraro	feN	fEro	-	filo	fjOr	-	fOgo	-	-	formiga	-	-	-	-	-	frumeNto	-	foNgo	-	fornEr	forno	-	-	-	galo	-	-	zenOGo	-	-	-	-	graNdo	-	grOso	-	-	-	-	-	GEri	Omo	-	-	-	-	-	-	-	-	-	-	-	-	-	-	-	-	-	-	-	-	dizun	zOgo	-	-	-	-	-	-	lavora	late	lana	-	-	-	-	-	lEto	lEze	-	-	-	-	-	-	-	-	luni	lOvo	-	maNa	-	-	mar	-	martElo	marso	-	-	mjEl	-	-	meze	-	-	-	-	-	-	-	-	-	-	mulinEr	mulin	-	-	-	mOrto	-	-	mujEr	-	muro	-	-	nazo	-	-	nEsa	-	nevega	neve	-	novembre	nOvo	nOte	-	-	-	nOza	-	otobre	OGo	-	Oso	Ovo	-	-	-	-	-	-	-	-	-	-	-	-	-	-	-	-	pOko	-	-	-	-	-	-	-	pEle	-	-	-	-	pErsego	-	-	-	-	-	-	-	-	pelo	-	-	-	-	pEse	-	-	-	-	-	-	pjoNbo	pju	pjOva	-	poleNta	-	-	-	-	-	-	poso	kwatro	kwatOrdeze	kwiNdeze	siNkwaNta	siNkwe	ko	raiza	-	-	-	rastElo	-	-	-	-	rua	-	-	-	-	sako	seda	-	saLe	-	-	-	saNto	-	-	-	-	skOva	skrive	-	sedeze	-	-	seNpre	sEte	seteNbre	-	-	sie	sesaNta	-	-	sezula	-	sede	-	-	-	sjOla	-	sOrizo	-	-	spozo	spoza	-	stEla	-	-	-	-	-	sutilo	sua	sOlfo	-	figao	-	-	-	tamarizo	-	-	-		-	teNpo	-	-	-	-	-	zio	-	-	-	-	-	-	-	trenta	-	-	-	-	-	uNdeze	-	oNGa	un	urso	-	vale	-	vena	-	vEnare	viNi	-	-	vECo	-	-	-	vin	-	verde	vedElo	-	-	-	-	-	-	-	volpe	-	-	-	-	fredo	GEmo	-	-	-	-	-	-	duto	-	-	-	-	-	-	-	-	-	-	-	-	-	-	-	dezmisjarse	-	-	buzo	-	-	-	-	-	iNdo	-	-	-	-	-	-	-	-	-	-	-	-	-	-	-	-	skumiNsja	-	-	-	-	-	-	-	-	-	-	-	-	-	-	-	-	-	-	-	zmOlzi	-	-	-	-	-	-	-	-	-	-	-	-	-	-	-	-	-	-	-	-	-	-	-	-	-	-	-	zvOdo	-	-	-	-	-	-	-	-	-	fradEl	-	-	-	-	vedova	-
Coastal	G	Fg	-	-	-	-	-	-	-	ala	-	-	alto	-	ano	-	-	-	-	raNo	-	-	agOsto	-	-	-	-	-	-	-	-	-	bOka	-	-	kaval	-	-	-	-	kaNpo	-	-	-	kavEl	-	-	karbOn	-	-	karo	-	-	-	-	-	sEra	-	-	-	-	-	-	-	-	-	-	-	-	-	-	-	-	-	-	-	-	-	koNtENto	kuzinar	-	-	-	kOSa	-	-	-	-	-	-	-	krOze	-	-	-	kortEl	-	-	-	-	-	-	-	-	-	-	djEze	-	-	-	-	-	-	-	-	dEstra	dir	dEo	-	-	-	-	-	-	dOna	domEniga	-	-	dOlse	dO	dOdize	-	Ese	-	-	-	-	-	-	-	-	-	-	-	-	far	-	-	-	-	fame	-	-	-	fjEN	-	-	fil	fjOr	-	fOgo	-	-	formiga	-	-	-	-	-	frumeNto	-	fuNgo	-	-	fOrno	-	-	-	galo	-	-	zenOCo	-	-	-	-	graNdo	-	grOso	-	-	-	-	-	jEri	Omo	-	-	-	-	-	-	-	-	-	-	-	-	-	-	-	-	-	-	-	-	dezuN	zjOgo	-	-	-	-	-	-	lavurar	late	lana	-	-	-	-	-	leto	lEze	-	-	-	-	-	-	-	-	luni	-	-	maNar	-	-	mar	-	martEl	marTo	-	-	mjEl	-	-	mEze	-	-	-	-	-	-	-	-	-	-	-	moliN	-	-	-	mOrto	-	-	-	-	muro	mOska	-	nazo	-	-	-	-	nevigar	nEve	-	novEmbre	nOvo	nOte	-	-	-	-	-	otObre	Ojo	-	Oso	vOvo	-	-	-	-	-	-	-	-	-	-	-	-	-	-	-	-	pOko	-	-	-	-	-	-	-	pEle	-	-	-	-	pErsego	-	-	-	-	-	-	-	-	pEl	-	-	-	-	pEse	-	-	-	-	-	-	pjONbo	pju	pjOva	-	pulENta	pOmo	-	-	-	-	-	-	kwatro	kwatOrdize	kwiNdize	siNkwaNta	siNkwe	-	-	-	-	-	restEl	-	-	-	-	rOda	-	-	-	-	sako	sEda	-	saLe	-	-	-	saNto	-	-	-	-	skOva	skriver	-	sEdize	-	-	sENpre	sEte	setENbre	sEra	-	sie	sesaNta	-	-	-	-	sEde	-	-	-	sjOla	-	-	-	-	spOzo	spOza	-	stEla	-	-	-	-	-	sotil	-	sOlfare	-	figa	-	-	-	tamarizo	-	-	-		-	teNpo	-	-	-	-	-	zio	-	-	-	-	-	-	-	trENta	-	-	-	-	-	uNdize	-	ONGa	uno	Orso	-	vale	-	vEna	-	-	-	-	-	veCo	viNti	-	-	viN	-	vErde	vedEl	-	-	-	-	-	-	-	vOlpe	-	-	-	-	frEdo	-	-	-	-	-	-	-	-	-	-	-	-	-	-	-	-	-	-	-	-	-	-	-	-	-	-	-	-	-	-	-	-	-	-	-	-	-	-	-	-	-	-	-	-	-	-	-	-	-	-	-	-	-	-	-	-	-	-	-	-	-	-	-	-	-	-	-	-	-	-	-	-	-	-	-	-	-	-	-	-	-	-	-	-	-	-	-	-	-	-	-	-	-	-	-	-	-	zvOdo	-	-	-	-	-	-	-	-	-	fradEl	-	-	-	-	vEdova	-
Coastal	Ts	Ts	vaNTar	-	-	-	saj	-	aNEl	ala	-	-	alto	-	ano	azola	aNta	vEr7er	-	raNo	skalONa	-	agOsto	orEze	-	bajar	-	batOCo	bater	-	bruskar	-	bOka	bu7arar	bota	kaval	kagar	-	kalTina	kalor	kaNpo	-	graNTo	-	kavEl	-	kaTa	garboN	-	karigar	karo	-	kazaliN	-	Tena	Tenar	TEra	TErto	-	Tigar	Timeze	-	Terkar	-	kuCar	konoser	-	-	kolor	-	-	-	-	koNTar	koNtar	-	kostreN7ar	kuzidura	koNteNto	kuzinar	korame	-	skorlar	kOsa	-	-	kreser	-	-	-	gropo	krOze	-	kogoma	kolma	kortEl	-	ko	kuna	korer	kurto	-	Tima	sizila	-	-	diEze	-	-	7ozo	7o	desperarse	despojar	destru7er	deveNtar	destra	dizer	dedo	-	-	-	-	straTar	7orno	dOna		-	do7eNto	dolTe	dO	dOdize	Ceza	Esere	-	-	-	-	speN7er	-	-	suto	stOr7er	strusjar	strukar	-	far	faTeNda	-	-	-	fame	famEja	faliva	-	fiEn	fEro	-	-	fjOr	fogaTa	fOgo	-	fOra	-	-	frakar	-	-	fri7er	formeNto	fumo	fONgo	-	fornEr	fOrno	-	gaLeta	-	galo	7Enero	-	7enOCo	-	-	GaTo	granEr	graNdo	grE7o	grOso	-	gwErno	joTer	joTa	-	jEri	Omo	-	-	ospeal	-	-	iNkaNdir	-	iNTiNta	-	riNkreser	iNdormeNTar	faNte	-	iN7enoCarse	-	-	-	-	-	de7unar	dizun	7Ogo	-	-	7oNta	-	-	-	lavorar	late	lana	laTo	-	-	lasar	leturiN	leto	lE7er	likar	-	-	luganiga	luzer	-	-	luminal	-	lovo	-	maNar	maNteNir	marTirse	mar	maridar	martEl	marTo	maTa	mE7o	miEl	-	-	meze	mErkore	-	mejo	-	-	minudo	meraveja	misjar	-	mOla	mulinEr	mulin	-	-	moNtizEl	mOrt	mover	-	-	mulo	muro	mOska	-	nazo	nadal	NeNte	-	-	nevigar	nEve	-	novembre	nOvo	nOte	-	noNTolo	-	nOza	sCuro	otObre	Ojo	-	Oso	Ovo	-	-	-	-	panariTo	-	-	paNTa	-	par	-	-	parede	-	-	-	pOko	pu7ar	-	petenar	-	petar	pE7o	peliTa	pele	-	pErder	-	-	pErsigo	pie	pjEra	persemolo	-	-	fazol	-	pegola	pEl	depiN7er	pevere	pero	peskador	pese	pitEr	pjaTer	-	pjaTa	-	-	pjONbo	pju	piOva	pu7ar	polENta	pOmo	porTEl	-	-	puleze	poN7er	poT	kwatro	kwatOrdize	kwiNdize	TiNkwaNta	TiNkwe	kO	raiza	-	-	raNTo	rastEl	-	rovErso	roNki7ar	ruzmariN	rOda	rodEla	-	-	-	-	seda	-	-	-	saludo	saludar	saNtolo	saver	sapa	-	sCeN7a	skOva	skrivar	-	sedize	sEleno	semeNTa	seNpre	sete	setENbre	sEra	-	sEj	-	-	Tifular	-	sumEa	sede	-	solEr	sfOja	siOla	-	sor7o	-	-	spOzo	spOza	-	stela	-	streNto	-	stropar	-	sotil	-	zOlfo	-	-	tavEla	tazer	tajar	-	tamizo	-	tastar		teCa	teNpo	-	teNir	-	-	-	Tio	-	-	-	tor	trEso	-	dresa	treNta	-	trepie	tresa	oN7a	oNto	uNdize	oN7er	ONGa	un	Orso	-	vale	-	vena	-	venardi	veNir	veNto	-	veCo	viNti	-	viNTer	vin	ver7a	vErde	veDEl	vida	viver	-	-	-	-	-	vOlpe	-	-	moN7er	deskalTo	fredo	Gemo	aNku7ene	-	-	nuar	NOra	-	tuto	bOTa	kali7ine	-	-	lu	sto	braTal	-	-	salizar	kadenaTo	figEr	fOjo	-	-	dizmisjarse	-	-	buzo	straTar	rozada	-	-	-	iNdove	-	barbuTo	-	-	-	boraska	buzoraNte	-	skalONa	-	kavelara	-	-	skaraTa	-	-	skomiNTjar	koNTa	-	kaTjOl	sizileta	iNdreNto	durElo	-	-	-	-	fritola	-	iN7eNarse	iNtimEla	-	-	vaneze	marOko	maTOla	zmolzer	salamOra	nolizar	pajOla	panizEl	-	-	-	putEl	skasar	-	-	-	-	-	-	suaza	-	spinElo	sCumadora	-	-	-	-	stiTo	-	-	-	zvOdo	-	-	-	-	-	jutar	garOfolo	-	-	fradEl	mediTina	iNprometer	radize	-	vEdova	-
Coastal	Ts	Mg	vaNTar	-	-	-	saj	-	aNEl	ala	-	-	alto	-	ano	azola	aNta	vEr7er	-	raNo	skalONa	-	agOsto	orEze	-	bajar	-	batOCo	bater	-	bruskar	-	boka	bu7arar	bota	kaval	kagar	-	kalTina	kalor	kaNpo	-	graNTo	-	kavEl	-	kaTa	karbOn	-	karigar	karo	-	kazaliN	-	Tena	Tenar	CEra	TErto	-	Tigar	Timeze	-	Terkar	-	-	konoser	-	-	kolor	-	-	-	-	koNTar	koNtar	-	kostreN7ar	kuzidura	koNteNto	kuzinar	korame	-	skorlar	-	-	-	kreser	-	-	-	gropo	krOze	-	kogoma	kolma	kortEl	-	ko	kuna	korer	kurto	-	Tima	sizila	-	-	djEze	-	-	7ozo	7o	desperarse	despojar	destru7er	deveNtar	destra	dizer	dEdo	-	-	-	-	straTar	7orno	dona	dimEniga	-	do7eNto	dOlse	dO	dOdeze	Ceza	Eser	-	-	-	-	speN7er	-	-	suto	stOr7er	strusjar	strukar	-	far	faTeNda	-	-	-	fame	famEja	faliva	-	fjEN	fEro	-	-	fjOr	fogaTa	fOgo	-	fOra	-	-	frakar	-	-	fri7er	formeNto	fumo	fONgo	-	fornEr	fOrno	-	gaLeta	-	galo	7Enero	-	7enOCo	-	-	GaTo	granEr	graNdo	grE7o	grOso	-	gwErno	joTer	joTa	-	jEri	Omo	-	-	ospeal	-	la	iNkaNdir	-	iNTiNta	-	riNkreser	iNdormeNTar	faNte	-	iN7enoCarse	-	-	-	-	-	de7unar	diGuN	GOgo	-	-	7oNta	-	-	-	lavorar	late	lana	laTo	-	-	lasar	leturiN	leto	lE7er	likar	-	-	luganiga	luzer	-	-	luminal	lune	lovo	-	maNar	maNteNir	marTirse	mar	maridar	martEl	marso	maTa	mE7o	mjEl	-	-	mEze	mErkore	-	mejo	-	-	minudo	meraveja	misjar	-	mOla	mulinEr	muliN	-	-	moNtizEl	mOrt	mover	-	-	mulo	muro	mOska	-	nazo	nadal	NeNte	-	-	nevigar	nEve	-	novEmbre	nOvo	nOte	-	noNTolo	-	-	sCuro	otObre	Ojo	-	Oso	Ovo	-	-	-	-	panariTo	-	-	paNTa	-	par	-	-	parede	-	-	-	pOko	pu7ar	-	petenar	-	petar	pE7o	peliTa	pele	-	pErder	-	-	pErsigo	pie	pjEra	persemolo	-	-	fazol	-	pegola	pEl	depiN7er	pevere	pero	peskador	pEse	pitEr	pjaTer	-	pjaTa	-	-	pjONbo	pju	piOva	pu7ar	poleNta	pOmo	porTEl	-	-	puleze	poN7er	poT	kwatro	-	kwiNdeze	siNkwaNta	siNkwa	-	raiza	-	-	raNTo	rastrEl	-	rovErso	roNki7ar	ruzmariN	roda	rodEla	-	-	-	sako	seda	-	saLe	-	saludo	saludar	saNto	saver	sapa	-	sCeN7a	skOva	skrivar	-	sEdize	sEleno	semeNTa	sENpre	sEte	-	sera	-	sie	sesaNta	-	Tifular	-	somejar	sEde	-	solEr	sfOja	siOla	-	sor7o	-	-	-	spoza	-	stela	-	streNto	-	stropar	-	sutil	-	zOlfo	-	figa	tavEla	tazer	-	-	tamizo	-	tastar		teCa	teNpo	-	teNir	-	tErZo	-	sio	-	-	-	tor	trEso	-	dresa	treNta	-	trepie	tresa	oN7a	oNto	uNdeze	oN7er	ONGa	un	Orso	-	vale	-	vena	-	-	veNir	veNto	-	veCo	viNti	-	viNTer	viN	ver7a	vErde	vidEl	vida	viver	vOdo	-	-	-	-	vOlpe	-	-	moN7er	deskalTo	fredo	Gemo	aNku7ene	-	-	nuar	NOra	-	duto	bOTa	kali7ine	-	-	lu	sto	braTal	-	-	salizar	kadenaTo	figEr	fOjo	-	-	-	-	-	-	straTar	rozada	-	-	-	iNdove	-	barbuTo	-	-	-	boraska	buzoraNte	-	skalONa	-	kavelara	-	-	skaraTa	-	-	skomiNsjar	koNTa	-	kaTjOl	sizileta	iNdreNto	durElo	-	-	-	-	fritola	-	iN7eNarse	iNtimEla	-	-	vaneze	marOko	maTOla	-	salamOra	nolizar	pajOla	panizEl	-	-	-	-	skasar	-	-	-	-	-	-	suaza	-	spinElo	sCumadora	-	-	-	-	stiTo	-	-	-	dezvodar	-	-	-	-	-	jutar	garOfolo	-	-	fradEl	mediTina	iNprometer	radiza	-	vedova	-
North	B	Bl	vaNZar	aveZ	seNZa	akOrDarse	-	raN	NEl	ala	-	-	alt	anEl	aN	azola	aNta	vErDer	postiZ	raN	skalONa	tjeDa	agOsto	-	as	bajar	baNkal	batOCo	batar	bisEst	bruskar	brut	boka	-	bot	kaval	kagar	kalZa	kalZina	kalor	kaNp	kanal	-	-	kavel	-	-	karbOn	-	kargar	kar	-	-	kastEl	Zena	Zenar	Zera	-	-	Zigar	-	ZeNtura	ZerCar	-	kuCar	konoser	kolar	kOl	kolor	-	kolmEl	-	koNpaNo	-	koNtar	-	-	kuzidura	koNtENt	kuzinar	koraN	-	-	kOsa	kreder	kreto	kreser	kreda	krivEl	kru	grop	krOs	koar	kogoma	kolmo	kortEl	kul	ko	kuna	korer	kurt	kaZa	Zima	Ziliga	daNbre	danar	diEze	deZeNbre	deNt	-	-	desperarse	despojar	destruDer	deveNtar	dEstra	dir	det	dreZar	dreta	-	speNder	straTar	-	-	domenega	-	dozeNto	dolZ	doj	dOdeze	Ceza	Eser	sajar	skaNpar	skolar	-	speN7er	spOrzer	skwarZar	sut	stOrDer	strusjar	strukar	zvejar	far	faZeNda	-	fagEr	falo	faN	fameja	faliva	fevrEr	fen	fEr	fibja	fil	fjOr	fugaZa	fok	-	fOra	-	fOrZa	frakar	fraNDer	fraseN	friDer	formENt	fun	foNk	furigar	fornEr	fOrno	gaja	galeta	-	gal	DEnero	DeNt	denOCo	Dermanego	-	-	granEr	graNt	greDo	grOs	-	-	joZar	joZa	-	jeri	ON	orDo	ort	ospedal	urtar	la	iNkaNdir	iNZeNder	iNTiNta	iNCavar	riNkreser	iNdormeNZarse	-	-	iNDenokarse	iNteNder	-	iNtOr7er	iNtosegar	iNvidar	dezunar	deduNo	Dogo	dof	DoNtar	DoNta	Denever	DoveN	lavEl	lorar	lat	lana	laZ	lareze	lavador	-	-	lEt	lEder	lekar	lOjo	-	luganega	luzer	luZ	noNbol	luminal	luni	lof	makar	maNar	-	marZir	mar	maridar	martEl	marZ	aTa	mEDo	mjel	-	meNZonar	meze	mErkol	meda	mejo	menar	-	menudo	maraveja	misjar	meter	mOla	mulinEr	moliN	mOjo	mOl	-	mOrt	mover	molDer	-	mul	mur	moska	-	-	naDal	NeNt	nEZa	nit	-	neu	nOtol	novEmbre	nove	nOt	-	noNZol	nOZe	noS	skur	otobre	Ojo	Obol	Os	Ovo	-	-	-	palu	-	paNder	paniT	-	pavEla	pEr	-	-	-	pasu	pas	-	pok	-	-	petenar	pekol	petar	pEdo	peliZa	pEl	-	-	pardonar	pelegriN	pErsego	pje	pjera	parsemol	pEZa	-	fazol	peZ	pegola	pel	-	pever	per	peskador	pes	pitEr	-	pjaNDer	pjaZa	pjat	pjover	pjoNbo	pi	pjova	-	polENta	poN	porZEl	portjer	-	-	-	pos	-	kwatOrdeze	kwiNdeze	ZiNkwaNta	ZiNkwe	ko	rais	rakola	rana	raNZjo	rastEl	-	revEs	roNkiDar	ozmariN	rODa	rodEla	rOT	roNper	rot	sak	seda	sedola	saLe	saltaro	saludo	saludar	saNt	saver	Zapa	-	sCeN7a	skoa	skriver	segar	sEdeze	sEleno	semeNZa	seNpre	sEt	seteNbre	sera	serajo	sie	sesaNta	sjolar	-	-	someja	se	ZOkol	solEr	sojal	sjola	sjOlo	-	spala	-	spos	spoza	sta7a	stela	-	streNt	streNDer	strop	sobojir	sutil	suDar	solfero	sordo	figa	tavEla	tazer	tajar	-	tamizo	-	tastar	tasEl	teCa	tENp	teNdro	teNer	-	tErZo	tasEl	zio	tej	-	togo	Coler	travEs	-	dreZa	treNta	-	trapje	-	oNZa	-	uNdeze	-	oNGa	un	ors	-	val	varola	vena	veNder	-	-	veNt	varsOr	vECo	veNti	-	viNZer	vin	verDa	verdo	veDEl	vide	viver	vodo	olarega	voliNtjera	Olta	-	volp	-	-	-	-	frEt	Gemo	aNkuDene	LaNbrusko	-	nodar	njOra	-	tut	bOTa	kaliDeN	skuljer	stroNZ	elo	sto	-	brolo	brusk	salizar	kadenaZ	-	-	frajar	-	dezmisjarse	durEl	bolda	busC	straTar	rozada	-	faZolet	veneZjaN	aNdove	-	barbuZ	-	boNdola	bizat	boraskada	-	burEla	skaroNa	kaNdeljer	-	karolirse	-	skaraZa	bigOl	-	skomeNTar	-	-	kaZOt	-	-	durEl	viskol	skalfarOti	-	feNta	fritola	fornEl	iNDeNarse	iNtimEla	zlevinar	-	-	-	maZeta	-	-	-	-	-	parusola	strapaZ	-	-	-	raNZego	ruspego	saNgweta	seNta	seCEr	skirat	soa7a	-	-	-	sporkeZ	-	tesEr	tajEr	stiZ	-	-	-	zvodar	valtri	bigol	mOkol	fErsa	skiNZar	jutar	garOfol	kapja	skader	fradEl	medezina	iNprometer	radis	rider	veDova	-
North	B	Cc	vaNZar	aveZ	seNZa	akOrDarse	-	raN	NEl	ala	-	-	alt	anEl	aN	azola	aNta	vErDer	postiZ	raN	skalONa	tjeDa	agOsto	-	as	bajar	baNkal	batOCo	batar	bisEst	bruskar	brut	boka	-	bot	kaval	kagar	kalZa	kalZina	kalor	kaNp	kanal	-	-	kavel	-	-	garboN	-	kargar	kar	-	-	kastEl	Zena	Zenar	Zera	-	-	Zigar	-	ZeNtura	ZerCar	-	kuCar	konoser	kolar	kOl	kolor	-	kolmEl	-	koNpaNo	koNZale	koNtar	-	-	kuzidura	koNteNt	kuzinar	koraN	-	-	-	kreder	kreto	kreser	kreda	krivEl	kru	grop	kros	koar	kogoma	kolmo	kortEl	kul	ko	kuna	korer	kurt	kaZa	Zima	Ziriga	daNbre	danar	diEs	deZeNbre	deNt	-	-	desperarse	despojase	destruDer	deveNtar	dEstra	di	det	dreZar	dret	-	speNder	straTar	-	-	domEnega	-	dozeNto	dolZ	doj	dOdes	Ceza	Eser	sajalo	skaNpar	skolar	-	speN7er	spOrzer	skwarZar	sut	stOrDer	strusjar	strukar	zvejar	fa	faZeNda	-	fagEr	falo	fam	fameja	faliva	-	fEn	fEr	fibja	fil	fjOr	fugaZa	fOk	-	fOra	formiga	fOrZa	frakar	fraNDer	fraseN	friDer	formeNt	fum	fONk	furigar	fornEr	fOrN	gaja	galeta	-	gal	DEnero	DeNt	danOCo	Dermanego	-	-	granEr	graNt	greDo	grOs	-	-	joZar	joZa	-	eN7eri	ON	orDo	ort	ospedal	urtar	la	iNkaNdir	iNZeNder	iNTiNta	iNCavar	riNkreser	iNdormeNZarse	-	-	iNDenokarse	iNteNder	-	iNtOr7er	iNtosegar	iNvidar	dezunar	-	Dogo	dof	DoNtar	DoNta	Denever	DoveN	lavEl	lora	lat	lana	laZ	lareze	lavador	-	-	lEt	lieDe	lekar	lOjo	-	luganega	luzer	luZ	noNbol	luminal	luni	lof	makar	maNa	-	marZir	mar	maridar	martEl	marZo	aTa	mEDo	mjel	-	meNZonar	mEs	mErkol	meda	mejo	menar	-	menudo	maraveja	misjar	meter	mOla	mulinEr	molin	mOjo	mOl	-	mOrt	mover	molDer	-	mul	mur	moska	-	-	naDal	NeNt	nEZa	nit	nevega	nef	nOtol	novembre	nOf	nOt	-	noNZol	nOZe	noS	skur	otobre	Ojo	Obol	Os	vOf	-	-	-	palu	-	paNder	paniT	-	pavEla	pEr	-	-	-	pasu	pas	-	pOk	-	pegorEr	petenar	pekol	petar	pEdo	peliZa	pEl	-	-	pardonar	pelegriN	pErsek	pie	pjera	parsemol	pEZa	-	fazol	peZ	pegola	pel	-	pever	per	peskador	pese	pitEr	-	pjaNDer	pjaZa	pjat	pjover	pjONp	pi	pjova	-	poleNta	pON	porZEl	portjer	-	-	-	pos	-	katOrDes	-	ZiNkwaNta	ZiNk	ko	rais	rakola	rana	raNZjo	restEl	-	revEs	roNkiDar	ozmariN	rODa	rodEla	-	roNper	rot	sak	seDa	sedola	saLe	saltaro	saludo	saludar	saNt	saver	Zapa	-	sCeN7a	skoa	skrive	sjega	seDes	sEleno	semeNZa	sENper	sEt	seteNbre	sera	serajo	siej	sesaNta	sjolar	-	-	somea	sef	ZOkol	solEr	sOja	sola	sjOlo	-	spala	-	spozo	spoza	sta7a	stela	-	streNt	streNDer	strop	sobojir	sotil	suda	-	sordo	figa	tavEla	tazer	-	-	tamizo	tan	tastar	tasEl	teCa	teNp	teNdro	teNer	-	tErZo	tasEl	7io	tej	-	togo	Coler	travEs	trEj	dreZa	trENta	-	trapje	-	oNZa	-	uNdes	-	oNGa	un	ors	-	val	varola	vena	veNder	veNder	-	veNt	varsor	vECo	viNti	-	viNZer	vin	verDa	vert	vedEl	vide	viver	vodo	olarega	voliNtjera	Olta	-	volp	-	-	-	-	frEt	Gem	aNkuDene	LaNbrusko	-	nodar	njOra	-	tut	bOTa	kaliDeN	skuljer	stroNZ	elo	sto	-	brolo	brusk	salizar	kadenaZ	-	-	frajar	telEr	dezmisjarse	durEl	bolda	busC	straTar	rozada	-	faZolet	veneZjaN	aNdove	-	barbuZ	-	boNdola	bizat	boraskada	-	burEla	skaroNa	kaNdeljer	-	karolirse	-	skaraZa	bigOl	-	skomeNTar	-	-	kaZOt	-	-	durEl	viskol	skalfarOti	-	feNta	fritola	fornEl	iNDeNarse	iNtimEla	zlevinar	-	-	-	maZeta	-	-	-	-	-	parusola	strapaZ	-	-	-	raNZego	ruspego	saNgweta	seNta	seCEr	skirat	soa7a	-	-	-	sporkeZ	-	tesEr	tajEr	stiZ	-	-	-	zvodar	valtri	bigol	mOkol	fErsa	skiNZar	jutar	garOfol	kapja	skader	fradEl	medezina	iNprometer	radis	rider	veDova	-
North	B	Cs	vaNZar	aveZ	seNZa	akOrDarse	-	raN	Ne3	ala	-	-	alt	anEl	aN	azola	aNta	vErDer	postiZ	raNC	skalONa	tjeDa	agOsto	-	as	bajar	baNkal	batOCo	batar	bisEst	bruskar	brut	boka	-	bot	kava3	kagar	kalZa	kalZina	kalor	kaNp	kanal	-	-	kavE3	-	-	garboN	-	kargar	kar	-	-	kastEl	Zena	Zenar	Zera	-	-	Zigar	-	ZeNtura	ZerCar	-	kuCar	konoser	kolar	kOl	kolor	-	kolmEl	-	koNpaNo	-	koNtar	-	-	kuzidura	koNteNt	kuzinar	koraN	-	-	-	kreder	kreto	kreser	kreda	krivEl	kru	grop	kroze	koar	kogoma	kolmo	kortE3	kul	ko	kuna	korer	kurt	kaZa	Zima		daNbre	danar	diEze	deZeNbre	deNt	-	-	desperarse	despojar	destruDer	deveNtar	dEstra	dir	det	dreZar	dret	-	speNder	straTar	-	-		-	dozeNto	dolZ	doj	dODeze	Ceza	Eser	sajar	skaNpar	skolar	-	speN7er	spOrzer	skwarZar	sut	stOrDer	strusjar	strukar	zvejar	far	faZeNda	faina	fagEr	falo	fan	fameja	faliva	febraro	fjEn	fEr	fibja	fil	fjOr	fugaZa	fogo	-	fOra	formiga	fOrZa	frakar	fraNDer	fraseN	friDer	formeNt	fun	foNgo	furigar	fornEr	forno	gaja	galeta	-	gal	DEnero	DeNt	denOCo	Dermanego	-	-	granEr	graNt	greDo	grOs	-	-	joZar	joZa	-	ieri	On	orDo	ort	ospedal	urtar	la	iNkaNdir	iNZeNder	iNTiNta	iNCavar	riNkreser	iNdormeNZarse	-	-	iNDenokarse	iNteNder	-	iNtOr7er	iNtosegar	iNvidar	dezunar	-	dogo	dof	DoNtar	DoNta	Denever	DoveN	lavEl	lorar	lat	lana	laZ	lareze	lavador	-	-	lEt	lEder	lekar	lOjo	-	luganega	luzer	luZ	noNbol	luminal	luni	lof	makar	maNar	-	marZir	mar	maridar	martE3	marZ	aTa	mEDo	mjel	-	meNZonar	meze	mErkol	meda	mejo	menar	-	menudo	maraveja	misjar	meter	mOla	mulinEr	moliN	mOjo	mOl	-	mOrt	mover	moldar	-	mul	mur	moska	-	-	naDal	NeNt	nEZa	nit	nevegar	nef	nOtol	novembre	novo	nOt	-	noNZol	nOZe	nOs	skur	otobre	Ojo	Obol	Os	ovo	-	-	-	palu	-	paNder	paniT	-	pavEla	pEr	-	-	-	pasu	pas	-	pok	-	pegorEr	petenar	pekol	petar	pEdo	peliZa	pEl	-	-	pardonar	pelegriN	pErsego	pie	pjera	parsemol	pEZa	-	fazol	peZ	pegola	pe3	-	pever	per	peskador	pes	pitEr	-	pjaNDer	pjaZa	pjat	pjover	pjoNbo	pi	pjova	-	poleNta	pon	porZEl	portjer	-	-	-	pos	kwatro	kwatOrdeze	kwiNdeze	ZiNkwaNta	ZiNkwe	ko	rais	rakola	rana	raNZjo	rastEl	-	revEs	roNkiDar	ozmariN	rODa	rodEla	-	roNper	rot	sak	seDa	sedola	sa3	saltaro	saludo	saludar	saNt	saver	Zapa	-	sCeN7a	skoa	skriver	segar	sedeze	sEleno	semeNZa	sENpre	sEt	seteNbre	sera	serajo	sie	sesaNta	sjolar	-	sezola	-	sef	ZOkol	solEr	sojal	sjOla	sjOlo	-	spala	-	-	spoza	sta7a	stela	-	streNt	streNDer	strop	sobojir	sutil	sudar suDar	solfer	sordo	figa	tavEla	tazer	tajar	-	tamizo	taNt	tastar	tasEl	teCa	teNp	teNdro	teNer	-	tErZo	tasEl	zio	tej	-	togo	Coler	travEs	tre	dreZa	treNta	-	trapje	-	oNZa	-	uNdeze	-	oNGa	un	orso	-	val	varola	vena	veNder	vENdre	-	veNt	varsOr	vECo	viNti	-	viNZer	vin	verDa	verdo	vedEl	vide	viver	voDo	olarega	voliNtjera	Olta	-	volp	-	-	-	-	fret	GeN	aNkuDene	LaNbrusko	-	nodar	njOra	-	tut	bOTa	kaliDeN	skuljer	stroNZ	elo	sto	-	brolo	brusk	salizar	kadenaZ	-	-	frajar	telEr	dezmisjarse	durEl	bolda	bus	straTar	rozada	-	faZolet	veneZjaN	aNde	-	barbuZ	-	boNdola	bizat	boraskada	-	burEla	skaroNa	kaNdeljer	-	karolirse	-	skaraZa	bigOl	-	skomeNTar	-	-	kaZOt	-	-	durEl	viskol	skalfarOti	-	feNta	fritola	fornEl	iNDeNarse	iNtimEla	zlevinar	-	-	-	maZeta	-	-	-	-	-	parusola	strapaZ	-	-	-	raNZego	ruspego	saNgweta	seNta	seCEr	skirat	soa7a	-	spinEl	-	sporkeZ	-	tesEr	tajEr	stiZ	-	-	-	zvodar	valtri	bigol	mOkol	fErsa	skiNZar	jutar	garOfol	kapja	skader	fradEl	medezina	iNprometer	radis	rider	vedoa	-
North	B	Vs	vaNZar	aveZ	sENZa	akOrDarse	-	raN	aNEl	ala	-	-	alt	anEl	aN	azola	aNta	vErDer	postiZ	raN	skalONa	tjeDa	agosto	-	as	bajar	baNkal	batOCo	batar	bisEst	bruskar	brut	boka	-	bot	kaval	kagar	kalZa	kalZina	kalor	kaNp	kanal	-	-	kavel	-	-	karbOn	-	kargar	kar	-	-	kastEl	Zena	Zenar	Zera	-	-	Zigar	-	ZeNtura	ZerCar	-	kuCar	konoser	kolar	kOl	kolor	-	kolmEl	-	koNpaNo	-	koNtar	-	-	kuzidura	koNtENt	kuzinar	koraN	-	-	-	kreder	kreto	kreser	kreda	krivEl	kru	grop	kros	koar	kogoma	kolmo	kortEl	kul	ko	kuna	korer	kurt	kaZa	Zima	Zizila	daNbre	danar	djEze	deZeNbre	deNt	-	-	desperarse	despojar	destruDer	deveNtar	dEstra	dir	det	dreZar	dret	-	speNder	straTar	-	-	domenega	-	dozeNto	dolZ	doj	dODeze	Ciza	Eser	sajar	skaNpar	skolar	-	speN7er	spOrzer	skwarZar	sut	stOrDer	strusjar	strukar	zvejar	far	faZeNda	fuina	fagEr	falo	fam	fameja	faliva	feverar	fEN	fEr	fibja	fil	fjOr	fugaZa	fogo	-	fOra	formiga	fOrZa	frakar	fraNDer	fraseN	friDer	formeNt	fum	fONk	furigar	fornEr	forno	gaja	galeta	-	gal	DEnero	DeNt	denOCo	Dermanego	-	-	granEr	graNt	greDo	grOs	-	-	joZar	joZa	-	jeri	ON	orDo	ort	ospedal	urtar	la	iNkaNdir	iNZeNder	iNTiNta	iNCavar	riNkreser	iNdormeNZarse	-	-	iNDenokarse	iNteNder	-	iNtOr7er	iNtosegar	iNvidar	dezunar	dezunar	Dogo	dof	DoNtar	DoNta	Denever	DoveN	lavEl	lorar	lat	lana	laZ	lareze	lavador	-	-	lEt	lEder	lekar	lOjo	-	luganega	luzer	luZ	noNbol	luminal	luni	lof	makar	maNar	-	marZir	mar	maridar	martEl	marZ	aTa	mEDo	mjel	-	meNZonar	meze	mErkol	meda	mejo	menar	-	menudo	maraveja	misjar	meter	mOla	munEr	moliN	mOjo	mOl	-	mOrt	mover	moldar	-	mul	mur	moska	-	-	naDal	NeNt	nEZa	nit	nevegar	nef	nOtol	novembre	novo	nOt	-	noNZol	nOZe	noza	skur	otobre	Ojo	Obol	Os	ovo	-	-	-	palu	-	paNder	paniT	-	pavEla	pEr	-	-	-	pasu	pas	-	pok	-	pjegorar	petenar	pekol	petar	pEdo	peliZa	pEl	-	-	pardonar	pelegriN	pErsego	pje	pjera	parsemol	pEZa	-	fazol	peZ	pegola	pel	-	pever	per	peskador	peZ	pitEr	-	pjaNDer	pjaZa	pjat	pjover	pjoNbo	pi	pjova	-	poleNta	poN	porZEl	portjer	-	-	-	pos	kwatro	kwatOrDeze	kwiNdeze	ZiNkwaNta	ZiNkwe	ko	rais	rakola	rana	raNZjo	rastEl	-	revEs	roNkiDar	ozmariN	rODa	rodEla	-	roNper	rot	sak	seda	sedola	saLe	saltaro	saludo	saludar	saNto	saver	Zapa	-	sCeN7a	skoa	skriver	segar	seDeze	sEleno	semeNZa	seNpre	sEt	seteNbre	sera	serajo	sEj	sesaNta	sjolar	-	-	somea	se	ZOkol	solEr	sOja	sola	sjOlo	-	spala	-	spozo	spoza	sta7a	stela	-	streNt	streNDer	strop	sobojir	sutil	suDar	solfer	sordo	figa	tavEla	tazer	tajar	-	tamizo	taNt	tastar	tasEl	teCa	teNp	teNdro	teNer	-	tErZo	tasEl	zio	tej	-	togo	Coler	travEs	-	dreZa	treNta	-	trapje	-	oNZa	-	uNdeze	-	oNGa	un	orso	-	val	varola	vena	veNder	veNdre	-	veNt	varsor	vECo	viNti	-	viNZer	vin	verDa	vert	vedEl	vide	viver	vodo	olarega	voliNtjera	Olta	-	volp	-	-	-	-	fret	Gem	aNkuDene	LaNbrusko	-	nodar	njOra	-	tut	bOTa	kaliDeN	skuljer	stroNZ	elo	sto	-	brolo	brusk	salizar	kadenaZ	-	-	frajar	telEr	dezmisjarse	durEl	bolda	busC	straTar	rozada	-	faZolet	veneZjaN	aNdove	-	-	-	boNdola	bizat	boraskada	-	burEla	skaroNa	kaNdeljer	-	karolirse	-	skaraZa	bigOl	-	skomeNTar	-	-	kaZOt	-	-	durEl	viskol	skalfarOti	-	feNta	fritola	fornEl	iNDeNarse	iNtimEla	zlevinar	-	-	-	maZeta	-	-	-	-	-	parusola	strapaZ	-	-	-	raNZego	ruspego	saNgweta	seNta	seCEr	skirat	soa7a	-	-	-	sporkeZ	-	tesEr	tajEr	stiZ	-	-	-	zvodar	valtri	bigol	mOkol	fErsa	skiNZar	jutar	garOfol	kapja	skader	fradEl	medezina	iNprometer	radis	rider	vedova	-
North	Tr	Tr	-	-	sENTa	-	asa	-	-	-	-	-	-	-	-	-	-	-	-	-	-	te7a	-	-	-	-	-	-	-	-	bruskar	-	-	-	bot	-	-	-	-	-	-	-	-	-	-	-	kaTa	-	-	-	-	-	-	-	Tena	-	-	-	-	Tigar	-	-	-	-	-	-	-	-	-	-	-	-	-	-	-	-	-	kozidura	-	-	koraN	-	skorlar	-	-	-	-	-	-	kruf	grop	-	-	kodoma	-	-	-	-	-	-	-	kaTa	-	-	-	-	-	-	-	-	-	-	despojar	-	-	-	-	doo	-	-	deskargar	-	-	-	-	-	-	-	-	do	-	-	-	-	skaNpar	-	-	-	-	-	-	stOr7er	strusjar	strukar	-	-	-	-	-	-	-	-	-	-	-	-	-	-	-	-	-	-	-	-	-	-	-	-	-	-	-	foNk	-	-	-	-	-	-	-	7eNdro	-	-	-	-	-	-	-	-	-	-	-	-	GoT	-	-	Omo	-	-	-	-	-	-	-	-	-	-	-	-	-	-	-	-	-	-	-	-	-	-	-	-	7oNta	7inever	7oveN	lavEl	-	-	-	laT	-	-	-	-	-	lEzer	-	lOj	-	-	-	-	-	-	-	lof	-	-	-	-	-	-	-	-	aTa	-	-	-	-	-	mErkol	-	-	-	-	-	maravea	misjar	-	-	-	-	-	-	-	-	-	-	-	-	-	-	medjoN	-	-	-	-	nivo	-	nef	-	-	nOf	-	-	-	-	nos	-	-	-	-	-	Of	pagar	-	-	-	-	-	paniT	-	pavEl	-	-	parar	-	-	-	-	-	-	-	-	pegol	-	-	-	-	-	-	-	-	pErsek	-	-	persemol	-	-	-	peT	pegola	-	-	pever	-	-	-	-	-	-	-	-	-	-	-	-	-	-	-	-	-	-	-	-	-	-	-	-	-	-	-	-	-	rane	raNT	restEl	-	-	-	-	-	-	rOT	-	-	-	seda	-	-	saltar	-	-	saNtolo	-	Tapa	-	-	-	-	-	-	sEleN	-	-	-	-	-	-	-	-	-	-	sezla	-	se	-	-	-	-	-	sor7	-	-	-	-	-	-	-	-	-	strOp	-	-	-	-	-	-	-	-	-	-	tamis	taNto	tastar	tasEl	tia	-	tENdro	-	-	-	tasEl	-	-	-	tof	-	-	-	-	-	-	-	-	oNTa	oNt	-	oN7er	oNGa	-	-	valaNTana	-	varOle	-	-	vENdro	-	-	-	-	-	-	-	-	-	-	vedEl	-	-	udo	oLadega	voliNtEra	-	-	bolp	-	-	-	-	-	-	aNkuDeN	-	GeNdeni	-	-	Topa	-	bOTa	karu7eN	-	-	-	-	-	brolo	brusko	-	-	-	-	frajar	-	dezmisjar	durElo	bol7a	-	-	-	-	-	-	-	-	barbOT	-	-	bizata	-	-	-	-	-	-	-	-	-	-	-	-	-	-	-	-	-	-	-	-	-	-	-	-	-	-	-	lorEl	vaneTa	marOk	-	-	-	-	-	-	parusEla	-	pojat	-	skwasa	-	ruspek	-	-	seCar	skirat	-	-	-	-	-	stropar	tesadro	tear	-	vajoN	-	barbustEl	-	-	bigolo	-	fErse	skiTa	aGutar	-	kabja	-	-	-	-	-	rider	-	boter
North	Tv	Lo	vaNTar	-	sENTa	akOrDarse	asae	-	NEl	aja	alTar	alteTa	alt	anEl	ano	azola	-	vEr7ar	-	raNo	skalONa	te7a	gosto	oreze	as	bajar	baNkal	batOC	batar	-	bruskar	brut	boka	bu7arar	bota	kaval	kagar	kalTa	kalTina	kalor	kaNp	kanal	-	kaNToN	kavEl	-	kaTa	karbOn	-	kargar	karo	kari7o	-	kastEl	Tena	Tenar	sera	TErto	Tigala	Tigar	Times	TeNtura	Terkar	TerCar	kuCaro	konosar	kolar	-	kolor	koloNbo	kolmEl	kolOna	-	koNZar	koNtar	koNsejo	kostreN7ar	kuzidura	koNtENto	kuzinar	korame	kornize	-	kOsa	kredar	krEto	kresar	-	krivEl	kru	-	kroze	koar	kogoma	kolmo	kortEl	kul	ko	kuna	korar	kurt	kaTa	Tima	-	-	danar	-	-	deNt	-	-	-	despojar	destru7ar	deveNtar	dEstra	dir	deo	dreTar	dret	deskargar	spENder	straTar	7orno	dOna	domEnega	dOs	dozENto	dOlZ	dO	dOdeze	Ceza	Eser	-	skaNpar	skolar	skurTar	speN7ar	spor7ar	skwarT	sut	stOr7ar	strusjar	strukar	zvejar	far	faTENda	-	fagEra	faLo	fame	fameja	faLiva	febraro	fen	fEro	fjuba	fil	fjOr	fugaTa	fOgo	fOla	fOra	furmiga	fOrTa	frakar	fraN7ar	frasene	fri7ar	furmENt	fun	foNgo	-	fornEr	forno	gaja	-	gaLina	gal	7Enero	7ENt	7enOCo	-	7Erla	GaT	-	graNdo	gre7o	grOs	gwarnar	-	GoTar	GoTa	arEla	jEri	On	or7o	ort	ospedal	urtar	la	-	iNTeNdar	-	-	-	iNdormeNTar	desfaNtar	-	-	iNtENdar	-	-	iNtosegar	iNvidar	7unar	-	zOgo	-	7oNtar	7oNta	7enEver	7oveN	-	lavorar	late	lana	laT	lareze	lavador	lasar	letoriN	lEt	lE7ar	lekar	lOjo	loT	luganega	luzar	-	noNbol	-	luni	lovo	makar	maNar	-	-	ma	-	matEl	marso	-	-	miEl	-	-	meze	-	meda	-	-	-	-	-	-	-	-	-	muin	-	-	-	mOrt	mover	molder	-	-	muro	moska	-	nazo	nadal	NeNte	-	nivo	nevegar	neve	nOtol	novEmbre	nOvo	nOt	nuvol	noNTol	nOTe	noza	sCuro	otobre	Ojo	Obol	Os	vovo	pagar	palaTo	pal	palu	panariT	paNdar	paniT	paNTa	pavEla	pEr	parlar	parar	-	pasu	pas	pastiTo	pOk	pu7ar	-	petenar	pekol	petar	-	peLiTa	pEe	pENdar	pErdar	perdonar	pelegriN	pErzeo	pie	pjera	parsemol	pETa	-	fazol	peT	pegola	pel	-	pevar	pero	peskador	pese	-	pjaTer	pjaN7ar	pjasa	pjat	-	pjoNbo	-	pjOva	-	pueNta	pOmo	porTEl	portjer	presto	pulT	poN7ar	-	kwatro	kwatOrdeze	kwiNdeze	siNkwaNta	siNgwe	kO	-	rakola	rana	-	rastEl	ardiva	-	roNkeDar	ozmariN	rOda	-	-	roNper	-	sak	seda	-	saLe	-	saludo	saludar	saNto	saver	sapa	-	-	-	skriver	segar	sedeze	sEeno	semENTa	sENpre	sEte	seteNbre	sera	sarajo	sie	sesaNta	-	-	sezela	somejar	se	sak	solEr	sfOja	-	sjolo	sorT	-	spjera	spozo	spoza	sta7a	stea	-	-	streN7ar	stropar	subuir	-	-	solfaro	sordo	figa	tavELa	tazar	tajar	-	tamizo	taNto	tastar	tasEl	teCa	tENp	tENdro	teNer	teraTa	tErTo	tasEl	zio	-	teN7ar	-	tCor	-	trE	dreza	treNta	-	trapie	-	oNTa	oNt	uNdeze	oN7ar	ONGa	uno	orso	-	vae	varola	vena	-	-	veNer	-	vasOr	vECo	viNti	-	viNTar	vin	ver7a	verde	vedEl	vide	vivar	vOdo	-	voleNtjera	-	-	volp	-	-	-	deskals	frEDo	-	-	LaNbruska	GENdena	nodar	njOra	Topa	tut	bOTa	kali7eN	-	stroNT	lu	sto	braTal	-	brusk	-	kadenaT	figEr	fOjo	-	teLEr	dezmisjar	durEl	bol7a	bOT	straTar	-	-	faTolet	veneTjaN	aNdove	-	-	zbajsar	boNdola	-	boraska	bu7arona	burEla	-	kaNdeljer	-	karolarse	-	-	-	komareT	skumiNsjar	koNTa	-	kaTet	TizeliN	-	durEl	biskol	-	faldin	feNta	fritola	fornEl	-	iNtimEla	-	-	-	-	-	-	salamOra	-	pajOla	panezEl	parusola	strapaT	pojana	putEl	skasar	-	ruspego	saNgweta	sENta	seCEr	-	soa7a	-	spinEl	-	sporkeT	-	tesEr	tajer	stiTa	-	-	-	zvodar	valtri	-	-	sfErTa	skiTa	Gutar	garOfolo	kapja	skadar	fradEl	medezina	prometer	radiS	rider	vedoa	-
North	Tv	St	vaNTar	-	sENZa	akOrDarse	asae	-	aNEl	aLa	alTar	alteTa	alto	anEl	ano	azola	-	vEr7ar	-	raNo	skalONa	te7a	agosto	oreze	as	bajar	baNkal	batOC	batar	-	bruskar	brut	boka	bu7arar	bota	kaval	kagar	kalTa	kalTina	kalor	kaNpo	kanal	-	kaNToN	kavel	-	kaTa	karbOn	-	kargar	karo	kari7o	-	kastEl	Tena	Tenar	Cera	TErto	Tigala	Tigar	Times	TeNtura	Terkar	TerCar	kuCaro	konosar	kolar	-	kolor	koloNbo	kolmEl	kolOna	-	koNZar	koNtar	koNsejo	kostreN7ar	kuzidura	koNteNto	kuzinar	korame	kornize	-	kOsa	kredar	krEto	kresar	-	krivEl	kru	-	kroze	koar	kogoma	kolmo	kortEl	kul	ko	kuna	korar	kurt	kaTa	Tima	siziLa	-	danar	djEze	-	deNte	-	-	-	despojar	destru7ar	deveNtar	dEstra	dir	deo	dreTar	dret	deskargar	spENder	straTar	7orno	dOna	domenega	dOs	dozENto	dOls	dO	dOdeze	CEza	Eser	-	skaNpar	skolar	skurTar	speN7ar	spor7ar	skwarT	sut	stOr7ar	strusjar	strukar	zvejar	far	faTENda	-	fagEra	faLo	fame	fameja	faLiva	febraro	fjEn	fEro	fjuba	fil	fjOr	fugaTa	fOgo	fOla	fOra	formiga	fOrTa	frakar	fraN7ar	frasene	fri7ar	formeNto	fumo	fuNgo	furegar	fornEr	forno	gaja	-	gaLina	gal	7Enero	7ENt	7enOCo	-	7Erla	GaT	granEr	graNdo	gre7o	grOs	gwarnar	-	GoTar	GoTa	arEla	jEri	ON	or7o	ort	ospedal	urtar	la	-	iNTeNdar	-	-	-	iNdormeNTar	desfaNtar	-	-	iNtENdar	-	-	iNtosegar	iNvidar	7unar	-	zOgo	-	7oNtar	7oNta	7enEver	7oveN	-	lavorar	late	lana	laT	lareze	lavador	lasar	letoriN	lEtto	lE7ar	lekar	lOjo	loT	luganega	luzar	-	noNbol	-	luni	lovo	makar	maNar	-	-	-	-	martEl	marso	-	-	mjEl	-	-	meze	-	meda	-	-	-	-	-	-	-	-	munEr	muin	-	-	-	-	mover	mOlzer	-	-	muro	moska	-	nazo	nadal	NeNte	nEsa	nivo	nivegar	neve	nOtol	novembre	nOvo	nOte	nuvol	noNTol	nOTe	noza	sCuro	otobre	Ojo	Obol	Os	vovo	pagar	palaTo	pal	palu	panariT	paNdar	paniT	paNTa	pavEla	pEr	parlar	parar	-	pasu	pas	pastiTo	pOk	pu7ar	-	petenar	pekol	petar	-	peLiTa	pEl	pENdar	pErdar	perdonar	pelegriN	pErsego	pie	pjera	parsemol	pETa	-	fazol	peT	pegola	pel	-	pevar	pero	peskador	pes	-	pjaTer	pjaN7ar	pjasa	pjat	-	pjoNbo	pi	pjOva	pu7ar	pueNta	pomo	porTEl	portjer	presto	pulT	poN7ar	-	kwatro	kwatOrdeze	kwiNdeze	TiNkwaNta	siNkwe	ko	-	rakola	rana	-	restEl	ardiva	-	roNkeDar	ozmariN	rOda	-	-	roNper	-	sako	seda	-	saLe	-	saludo	saludar	saNt	saver	sapa	-	-	skoa	skriver	segar	sedeze	sEeno	semENTa	sENpre	sEte	seteNbre	sera	sarajo	sie	sesaNta	-	-	sezela	somejar	se	sak	solEr	sfOja	siOLa	sjolo	sorT	-	spjera	spozo	spoza	sta7a	stea	stegoja	-	streN7ar	stropar	subuir	sotil	-	solfar	sordo	figa	tavELa	tazar	taja	-	tamizo	taNto	tastar	tasEl	teCa	teNpo	tENdro	teNer	teraTa	tErTo	tasEl	zio	-	teN7ar	-	tCor	-	trE	dreza	treNta	-	trapie	-	oNTa	oNt	uNdeze	oN7ar	oNGa	un	ors	-	vae	varola	vena	-	vEnare	veNer	-	varsor	vECo	viNti	-	viNTar	vin	ver7a	verde	vedEl	vide	vivar	vOdo	-	voleNtjera	-	-	volpe	-	-	-	deskals	fredo	Gemo	-	LaNbruska	GENdena	nodar	njOra	Topa	tuto	bOTa	kali7eN	-	stroNT	lu	sto	braTal	-	brusk	-	kadenaT	figEr	fOjo	-	teEr	dezmisjar	durEl	bol7a	buzo	straTar	-	-	faTolet	veneTjaN	aNdove	-	-	zbajsar	boNdola	-	boraska	bu7arona	burEla	skaloNa	kaNdeljer	-	karolarse	-	-	bigOl	komareT	skomeNTar	koNTa	-	kaTet	TizeliN	-	durEl	biskoLo	-	-	feNta	fritola	fornEl	-	iNtimEla	-	-	-	-	-	-	salamOra	-	pajOla	panezEl	parusola	strapaT	pojana	putEl	skasar	-	ruspego	saNgweta	sENta	seCEr	-	soa7a	-	spinEl	-	sporkeT	-	tesEr	tajer	stiTa	-	-	-	zvodar	valtri	-	-	sfErTa	skiTa	Gutar	garOfolo	kapja	skadar	fradEl	medezina	prometer	radize	rider	vedova	-
North	Tv	N	vaNTar	-	sENZa	akOrDarse	asae	-	NEl	ala	alTar	alteTa	alt	anEl	ano	azola	-	vEr7ar	-	raNC	skalONa	te7a	agosto	oreze	as	bajar	baNkal	batOC	batar	-	bruskar	brut	boka	bu7arar	bota	kaval	kagar	kalTa	kalTina	kalor	kaNp	kanal	-	kaNToN	kavEl	-	kaTa	karbOn	-	kargar	kar	kari7o	-	kastEl	Tena	Tenar	Zera	TErto	Tigala	Tigar	Times	TeNtura	Terkar	TerCar	kuCar	konosar	kolar	-	kolor	koloNbo	kolmEl	kolOna	-	koNZar	koNtar	koNsejo	kostreN7ar	kuzidura	koNtENt	kuzinar	korame	kornize	-	kOsa	kredar	krEto	kresar	-	krivEl	kru	-	kroze	koar	kogoma	kolmo	kortEl	kul	ko	kuna	korar	kurt	kaTa	Tima	siliga	-	danar	dieze	-	dENt	-	-	-	despojar	destru7ar	deveNtar	dEstra	dir	det	dreTar	dret	deskargar	spENder	straTar	7orno	dOna	domenega	dOs	dozENto	dOlZ	dO	dOdeze	Ceza	Eser	sajar	skaNpar	skolar	skurTar	speN7ar	spor7ar	skwarT	sut	stOr7ar	strusjar	strukar	zvejar	far	faTENda	fuiN	fagEr	faLo	fan	fameja	faLiva	Zebraro	fjEn	fEr	fjuba	fil	fjOr	fugaTa	fogo	fOla	fOra	furmiga	fOrTa	frakar	fraN7ar	frasene	fri7ar	furmENt	fun	fONk	furegar	fornEr	-	gaja	-	gaLina	gal	7Enero	7ENt	7enOCo	-	7Erla	GaT	-	graNt	gre7o	grOs	gwarnar	-	GoTar	GoTa	arEla	jEr	ON	or7o	ort	ospedal	urtar	la	-	iNTeNdar	-	-	-	iNdormeNTar	desfaNtar	-	-	iNtENdar	-	-	iNtosegar	iNvidar	7unar	-	dOgo	-	7oNtar	7oNta	7enEver	7oveN	-	lavorar	lat	lana	laT	lareze	lavador	lasar	letoriN	lEt	lEder	lekar	lOjo	loT	luganega	luzar	-	noNbol	-	luni	lovo	makar	maNar	-	-	-	-	martEl	marT	-	-	mjEl	-	-	meze	-	meda	-	-	-	-	-	-	-	-	mulinEr	muin	-	-	-	mOrt	mover	mOlder	-	-	mur	moska	-	nazo	nadal	NeNte	-	nivo	nevegar	neve	nOtol	novEmbre	novo	nOt	nuvol	noNTol	nOTe	noza	sCuro	otObre	Ojo	Obol	Os	vovo	pagar	palaTo	pal	palu	panariT	paNdar	paniT	paNTa	pavEla	pEr	parlar	parar	-	pasu	pas	pastiTo	pOk	pu7ar	pegorar	petenar	pekol	petar	-	peLiTa	pEl	pENdar	pErdar	perdonar	pelegriN	pErsego	pie	pjera	parsemol	pETa	-	fazol	peT	pegola	pel	-	pevar	pero	peskador	pes	-	pjaTer	pjaN7ar	pjasa	pjat	-	pjONbo	pi	pjOva	pu7ar	poENta	pon	porTEl	portjer	presto	pulT	poN7ar	-	kwatro	kwatOrdeze	kwiNdeze	TiNkwaNta	ZiNkwe	ko	-	rakola	rana	-	restEl	ardiva	-	roNkeDar	ozmariN	rOda	-	-	roNper	-	sak	seda	-	saLe	-	saludo	saludar	saNto	saver	sapa	-	-	skoa	skriver	segar	sedeze	sEeno	semENTa	sENpre	sEte	setENbre	sera	sarajo	sie	sesaNta	-	-	sezela	somea	sE	sak	solEr	sfOja	sjola	sjolo	sorT	-	spjera	spozo	spoza	sta7a	stEa	-	-	streN7ar	stropar	subuir	sutil	-	solfer	sordo	figal	tavELa	tazar	tajar	-	tamizo	taNto	tastar	tasEl	teCa	tENp	tENdro	teNer	teraTa	tErTo	tasEl	-	-	teN7ar	-	tCor	-	trE	dreza	trENta	-	trapie	-	oNTa	oNt	uNdeze	oN7ar	oNGa	un	Orso	-	val	varola	vena	-	vENdre	veNer	-	varsor	vECo	viNti	-	viNTar	vin	ver7a	vert	vedEl	vide	vivar	vodo	-	voleNtjera	-	-	volp	-	-	-	deskals	frEt	Gemo	-	LaNbruska	GENdena	nodar	njOra	Topa	tuto	bOTa	kali7eN	-	stroNT	lu	sto	braTal	-	brusk	-	kadenaT	figEr	fOjo	-	telEr	dezmisjar	durEl	bol7a	buzo	straTar	-	-	faTolet	veneTjaN	aNdove	-	-	zbajsar	boNdola	-	boraska	bu7arona	burEla	skaloNa	kaNdeljer	-	karolarse	-	-	bigOl	komareT	skomiNZjar	koNTa	-	kaTet	TizeliN	-	durEl	biskol	-	faldin	feNta	fritola	fornEl	-	iNtimEla	-	-	-	-	-	-	salamOra	-	pajOla	panezEl	parusola	strapaT	pojana	putEl	skasar	-	ruspego	saNgweta	sENta	seCEr	-	soa7a	-	spinEl	-	sporkeT	-	tesEr	tajer	stiTa	-	-	-	zvodar	valtri	-	-	sfErTa	skiTa	Gutar	garOfolo	kapja	skadar	fradEl	medezina	prometer	radiS	rider	vedova	-
North	Tv	Me	vaNTar	-	sENTa	akOrDarse	asae	-	aNEo	aLa	alTar	alteTa	alto	anEl	ano	azola	-	vEr7ar	-	raNo	skalONa	te7a	agosto	oreze	as	bajar	baNkal	batOC	batar	-	bruskar	brut	boka	bu7arar	bota	kaval	kagar	kalTa	kalTina	kalor	kaNpo	kanal	-	kaNToN	kaveo	-	kaTa	karboN	-	kargar	karo	kari7o	-	kastEl	Tena	Tenar	Cera	TErto	Tigala	Tigar	Times	TeNtura	Terkar	TerCar	kuCaro	konosar	kolar	-	kolor	koloNbo	kolmEl	kolOna	-	koNZar	koNtar	koNsejo	kostreN7ar	kuzidura	koNtENto	kuzinar	korame	kornize	-	kOSa	kredar	krEto	kresar	-	krivEl	kru	-	kroze	koar	kogoma	kolmo	kortEl	kul	ko	kuna	korar	kurt	kaTa	Tima	-	-	danar	diEze	diseNbre	deNte	-	-	-	despojar	destru7ar	deveNtar	dEstra	dir	deo	dreTar	dret	deskargar	spENder	straTar	7orno	dOna	domenega	dOs	dozENto	dolse	du	dOdeze	Ceza	Esa	-	skaNpar	skolar	skurTar	speN7ar	spor7ar	skwarT	sut	stOr7ar	strusjar	strukar	zvejar	far	faTENda	-	fagEra	faLo	fame	fameja	faLiva	febraro	fen	fEro	fjuba	fil	fjOr	fugaTa	fOgo	fOla	fOra	formiga	fOrTa	frakar	fraN7ar	frasene	fri7ar	frumeNto	fumo	fuNgo	furegar	fornEr	forno	gaja	-	gaLina	gal	7Enero	7ENt	7enOCo	-	7Erla	GaT	-	graNdo	gre7o	grOso	gwarnar	-	GoTar	GoTa	arEla	jEri	Omo	or7o	ort	ospedal	urtar	la	-	iNTeNdar	-	-	-	iNdormeNTar	desfaNtar	-	-	iNtENdar	-	-	iNtosegar	iNvidar	7unar	-	zjOgo	-	7oNtar	7oNta	7enEver	7oveN	-	lavorar	late	lana	laT	lareze	lavador	lasar	letoriN	lEto	lE7ar	lekar	lOjo	loT	luganega	luzar	-	noNbol	-	luni	lovo	makar	maNar	-	-	-	-	martEl	marso	-	-	mjEl	-	-	meze	-	meda	-	-	-	-	-	-	-	-	-	muiN	-	-	-	mOrto	mover	molder	-	-	muro	moska	-	nazo	nadal	NeNte	-	nivo	nivegar	neve	nOtol	novembre	nOvo	nOte	nuvol	noNTol	nOTe	noza	sCuro	otubre	Ojo	Obol	Oso	Ovo	pagar	palaTo	pal	palu	panariT	paNdar	paniT	paNTa	pavEla	pEr	parlar	parar	-	pasu	pas	pastiTo	pOko	pu7ar	-	petenar	pekol	petar	-	peLiTa	pEe	pENdar	pErdar	perdonar	pelegriN	pErsego	pie	pjera	parsemol	pETa	-	fazol	peT	pegola	pel	-	pevar	pero	peskador	pese	-	pjaTer	pjaN7ar	pjasa	pjat	-	pjONbo	pi	pjOva	pu7ar	poeNta	pOmo	porTEl	portjer	presto	pulT	poN7ar	-	kwatro	kwatOrdeze	kwiNdeze	ZiNkwaNta	siNkwe	kO	-	rakola	rana	-	rastEl	ardiva	-	roNkeDar	ozmariN	rOda	-	-	roNper	-	sako	seda	-	saLe	-	saludo	saludar	saNto	saver	sapa	-	-	skoa	skriva	segar	sedeze	sEeno	semENTa	sENpre	sEte	seteNbre	sera	sarajo	sie	sesaNta	-	-	sezela	somejar	se	sak	solEr	sfOja	suoLa	sjolo	sorT	-	spjera	spozo	spoza	sta7a	stea	-	-	streN7ar	stropar	subuir	sutil	-	solfaro	sordo	figa	tavELa	tazar	tajar	-	tamizo	taNto	tastar	tasEl	teCa	teNpo	tENdro	teNer	teraTa	tErTo	tasEl	zio	-	teN7ar	-	tCor	-	trE	dreza	treNta	-	trapie	-	oNTa	oNt	uNdeze	oN7ar	oNGa	uno	orso	-	vae	varola	vena	-	-	veNer	-	varsor	vECo	viNti	-	viNTar	vin	ver7a	verde	vedEl	vide	vivar	vOdo	-	voleNtjera	-	-	volpe	-	-	-	deskals	freDo	-	-	LaNbruska	GENdena	nodar	njOra	Topa	tuto	bOTa	kali7eN	-	stroNT	lu	sto	braTal	-	brusk	-	kadenaT	figEr	fOjo	-	teLEr	dezmisjar	durEl	bol7a	buzo	straTar	-	-	faTolet	veneTjaN	aNdove	-	-	zbajsar	boNdola	-	boraska	bu7arona	burEla	skaloNa	kaNdeljer	-	karolarse	-	-	bigOl	komareT	skomeNTar	koNTa	-	kaTet	TizeliN	-	durEl	biskol	-	falsin	feNta	fritola	fornEl	-	iNtimEla	-	-	-	-	-	-	salamOra	-	pajOla	panezEl	parusola	strapaT	pojana	-	skasar	-	ruspego	saNgweta	sENta	seCEr	-	soa7a	-	spinEl	-	sporkeT	-	tesEr	tajer	stiTa	-	-	-	zvodar	valtri	-	-	sfErTa	skiTa	Gutar	garOfolo	kapja	skadar	fradEl	medezina	prometer	radiS	rider	vedova	-
North	Tv	Is	vaNTar	-	seNsa	akOrDarse	asae	-	aNEo	ala	alTar	alteTa	alto	anEl	ano	azola	-	vEr7ar	-	raNo	skalONa	te7a	agOsto	oreze	as	bajar	baNkal	batOC	batar	-	bruskar	brut	boka	bu7arar	bota	kavaLo	kagar	kalTa	kalTina	kalor	kaNpo	kanal	-	kaNToN	kaveo	-	kaTa	karbone	-	kargar	karo	kari7o	-	kastEl	Tena	Tenar	Zera	TErto	Tigala	Tigar	Times	TeNtura	Terkar	TerCar	guCaro	konosar	kolar	-	kolor	koloNbo	kolmEl	kolOna	-	koNZar	koNtar	koNsejo	kostreN7ar	kuzidura	koNteNto	kuzinar	korame	kornize	-	kOsa	kredar	krEto	kresar	-	krivEl	kru	-	kroze	koar	kogoma	kolmo	kortEl	kul	ko	kuna	korar	kurt	kaTa	Tima	-	-	danar	diEze	diZeNbre	deNte	-	-	-	despojarse	destru7ar	deveNtar	dEstra	dir	deo	dreTar	dret	deskargar	spENder	straTar	7orno	dOna	domenega	-	dozENto	dolZe	dO	dOdeze	Ceza	Esa	-	skaNpar	skolar	skurTar	speN7ar	spor7ar	skwarT	sut	stOr7ar	strusjar	strukar	zvejar	far	faTENda	-	fagEra	faLo	fame	fameja	faLiva	febraro	fen	fEro	fjuba	fio	fjOr	fugaTa	fOgo	fOla	fOra	furmiga	fOrTa	frakar	fraN7ar	frasene	fri7ar	formENto	fumo	foNgo	-	fornaro	forno	gaja	-	gaLina	gal	7Enero	7ENt	7enOCo	-	7Erla	GaT	granEr	graNdo	gre7o	grOso	gwarnar	-	GoTar	GoTa	arEla	jEri	Omo	or7o	ort	ospedal	urtar	la	-	iNTeNdar	-	-	-	iNdormeNTar	desfaNtar	-	-	iNtENdar	-	-	iNtosegar	iNvidar	7unar	-	diOgo	-	7oNtar	7oNta	7enEver	7oveN	-	lavorar	late	lana	laT	lareze	lavador	lasar	letoriN	lEto	lEdar	lekar	lOjo	loT	luganega	luzar	-	noNbol	-	luni	lovo	makar	maNar	-	-	-	-	martEo	marso	-	-	miEl	-	-	meze	-	meda	-	-	-	-	-	-	-	-	munaro	muin	-	-	-	mOrto	mover	moldar	-	-	muro	moska	-	nazo	nadal	NeNte	-	nivo	nevegar	neve	nOtol	novembre	nOvo	nOte	nuvol	noNTol	nOTe	noza	sCuro	otobre	Ojo	Obol	Oso	Ovo	pagar	palaTo	pal	palu	panariT	paNdar	paniT	paNTa	pavEla	pEr	parlar	parar	-	pasu	pas	pastiTo	pOko	pu7ar	pjegoraro	petenar	pekol	petar	-	peLiTa	pEe	pENdar	pErdar	perdonar	pelegriN	pErsego	pie	pjera	parsemol	pETa	-	fazol	peT	pegola	peo	-	pevar	pero	peskador	peZe	-	pjaTer	pjaN7ar	pjasa	pjat	-	pjoNbo	pi	pjOva	pu7ar	poeNta	pOmo	porTEl	portjer	presto	pulT	poN7ar	poZo	kwatro	kwatOrdeze	kwiNdeze	ZiNkwaNta	ZiNkwe	kO	-	rakola	rana	-	rastEo	ardiva	-	roNkeDar	ozmariN	rOda	-	-	roNper	-	sako	seda	-	saLe	-	saludo	saludar	saNto	saver	sapa	-	-	skoa	skrivar	segar	sedeze	sEeno	semENTa	sENpre	sEte	setENbre	sera	sarajo	sie	sesaNta	-	-	sezela	someja	se	sak	solEr	soja	sjOLa	sjolo	sorT	-	spjera	spozo	spoza	sta7a	stea	-	-	streN7ar	stropar	subuir	sutil	suar	solfaro	sordo	figa	tavELa	tazar	tajar	-	tamizo	taNto	tastar	tasEl	teCa	teNpo	tENdro	teNer	teraTa	tErTo	tasEl	-	-	teN7ar	-	tCor	-	trE	dreza	treNta	-	trapie	-	oNTa	oNt	uNdeze	-	oNGa	uno	orso	-	vae	varola	vena	-	venare	veNer	-	vesOr	vECo	beNti	-	viNTar	viN	ver7a	verde	vedEo	vide	vivar	vOdo	-	voleNtjera	-	-	volpe	-	-	-	deskals	fredo	Gemo	-	LaNbruska	GENdena	nodar	njOra	Topa	tuto	bOTa	kali7eN	-	stroNT	ju	sto	braTal	-	brusk	-	kadenaT	figEr	fOjo	-	teEr	dezmisjar	durEl	bol7a	bOT	straTar	-	-	faTolet	veneTjaN	aNdove	-	-	zbajsar	boNdola	-	boraska	bu7arona	burEla	skaloNa	kaNdeljer	-	karolarse	-	-	bigOl	komareT	skomeNTar	koNTa	-	kaTet	TizeliN	-	durEl	biskol	-	falZin	feNta	fritola	fornEl	-	iNtimEla	-	-	-	-	-	-	salamOra	-	pajOla	panezEl	parusola	strapaT	pojana	putEl	skasar	-	ruspego	saNgweta	sENta	seCEr	-	soa7a	-	spinEl	-	sporkeT	-	tesEr	tajer	stiTa	-	-	-	zvodar	valtri	-	-	sfErTa	skiTa	Gutar	garOfolo	kapja	skadar	fradEl	medezina	prometer	radiS	rider	vedova	-
Venice	Vo	Vo	-	albEo	seNsa	-	-	rame	-	aLa	alsar	altesa	-	aneLo	ano	azola	aNta	vErzer	postiso	raNo	skaLoNa	tEza	-	orEze	-	-	-	batOCo	bater	bisEsto	bruskar	-	boka	buzarar	bota	-	kagar	kalsa	kalsina	kaLor	kaNpo	kanal	graNso	kaNsoN	-	-	-	karboN	garzar	-	karo	-	kazaLiN	-	sena	-	-	-	sigaLa	sigar	simeze	seNtura	-	serCar	kuCaro	konoser	koLar	kOLo	koLor	koLoNbo		koLOna	koNpaNoN	koNsar	koNtar	koNsejo	koNstreNzer	kuzidura	-	kuzinar	kurame	korniza	skorlar	kOsa	kreder	krEto	kreser	krEa	krivELo	kruo	gropo	kroze	-	kogoma	kolma	kortELo	kuLo	ko	kuna	korer	kurto	kasa	sima	siziLa	-	danar	djeze	-	deNte	zozo	zo	desperarse	despojar	destruzer	deveNtar	-	dir	doo	dresar	dreto	deskargar	speNder	strasar	zorno	dOna	domenega	dOso	-	dolse	do	dodeze	Ceza	Eser	sazar	skaNpar	skoLar	skursar	speNzer	spOrzer	skwarsar	suto	stOrzer	strusjar	strukar	zvejar	far	faCeNda	fuina	fagEr	faLo	-	fameja	faLiva	-	feN	fEro	fjuba	fiLo	-	fugasa	fogo	fOLa	fOra	-	fOrsa	frakar	-	frasene	frizer	formeNto	fumo	foNgo	furegar	fornEr	-	gaza	gaLeta	gaLina	gaLo	zEnero	zeNte	zenOCo	zermanego	zErla	Gaso	granEr	-	grezo	grOso	goernar	goErno	Gosar	Gosa	arELa	GEri	Omo	orzo	orto	ospeal	urtar	La	iNkaNdir	-	iNsiNta	iNCavar	riNkreser	iNdormeNsar	faNte	iNfjar	iNzenokarse	iNteNder	iNteNzer	-	iNtosegar	iNvidar	dezunar	-	zogo	-	zoNtar	zoNta	-	-	-	laorar	late	Lana	laso	lareze	lavaor	Lasar	letoriN	lEto	lEzer	likar	lOjo	-	Luganega	luzer	-	noNboLo	luminal	Luni	lovo	makar	maNar	maNteNir	-	mar	maridar	martELo	-	-	mEzo	mjEl	melaso	-	meze	mErkore	mEda	mejo	menar	menuaja	menuo	-	misjar	-	mOLa	-	-	mOjo	-	moNtezELo	-	mover	-	mujEr	muLo	muro	moska	-	nazo	nadal	NiNte	nEsa	-	nevegar	-	nOtoLa	-	nOvo	nOte	nuvoLo	noNsoLo	nOse	noza	sCuro	otobre	-	-	Oso	vovo	pagar	paLaso	paLo	paLu	panariso	-	-	paNsa	paveja	pEr	parlar	parar	parE	pasuo	-	pastiso	-	puzar	pjegorEre	petenar	pekoLo	petar	pEzo	peLisa	pELe	peNder	pErdar	perdonar	peLegriN	pErsego	pie	pjEra	persemoLo	pEsa	paNtezar	fazjOLo	peso	pegoLa	-	depeNzar	pevare	pero	peskaor	pese	pitEr	pjaser	pjaNzer	pjasa	pjato	pjover	pjoNbo	pi	pjova	puzar	poLeNta	pomo	porTELo	portjEr	prEsto	puLeze	poNzer	poso	kwatro	-	kwiNdeze	siNkwaNta	siNkwe	ko	raiza	rakoLa	rana	raNsjo	restELo	-	rovErso	roNkizar	ozmariN	rua	rodELa	-	roNper	-	sako	seda	sedoLa	sal	saltaro	saLudo	saLudar	saNtoLo	saver	sapa	skaravazo	sCeNza	-	skrivar	segar	-	sELeno	semeNsa	seNpre	sEte	-	sera	serajo	sie	-	-	-	sesoLa	somejar	se	sOkoLo	soLEr	sfOja	sjOLa	sjOLo	sorze	spaLa	spjEra	spozo	-	-	steLa	-	streNto	streNzer	stropar	sobojir	sutil	-	solfaro	sordo	-	tavELa	tazer	-	-	tamizo	taNto	tastar	tasELo	teCa	teNpo	tEnero	teNir	terasa	tErso	tasELo	-	-	teNzer	-	tor	-	trE	dresa	treNta	tramOza	trapie	tresa	oNsa	oNto	uNdeze	-	oNGa	-	-	-	vaLe	varOLo	-	veNder	-	veNir	-	varsuro	-	viNti	vinasa	viNser	viN	verza	verdo	vedELo	vida	viver	vodo	oLadega	-	vOlta	gomjEr	-	-	-	-	deskalso	fredo	GEmo	aNkuzene	laNbrusko	GENdena	-	njOra	-	tuto	bOsa	kaLizene	-	stroNso	eLo	sto	brasal	brOLo	-	saLizar	-	figEr	fOjo	-	teLEr	dezmisjar	durELo	-	-	strasar	-	-	fasoLeto	venesjaN	aNdove	gwaLivar	barbuso	-	-	-	-	buzarona	-	skaLONa	kaNdeljEr	kaveGEra	-	-	-	bigOl	-	skomeNsar	koNsa	-	-	siziLeta	iNdreNto	durELo	biskoLo	skalfarOti	-	-	fritoLa	fornELo	iNzeNarse	iNtimELa	zlavinar	-	vaneza	-	masOLa	-	-	noLizar	-	panezELo	parusoLa	strapaso	pojana	-	skwasa	raNsio	ruspjo	saNgwene	-	seCEr	skirato	soaza	-	spinELo	-	sporkeso	-	-	-	stiso	-	-	barbastrELo	zvodar	-	bigoLo	-	fErsa	skisa	jutar	garOfoLo	-	skader	fradELo	medezina	iNprometer	-	rider	vedoa	-
Venice	Vz	Vz	-	albEo	seNsa	akOrzerse	asae	rame	aNEo	aLa	alsar	-	-	aneLo	ano	azola	aNta	vErzer	postiso	raNo	skaLoNa	tEza	agosto	orEze	aso	baGar	-	batOCo	bater	bisEsto	bruskar	-	boka	buzarar	bota	kavaLo	kagar	kalsa	kalsina	kaLor	kaNpo	kanal	graNso	kaNsoN	kavejo	kavrjOLo	-	karboN	garzar	kargar	karo	karezo	kazaLiN	kastELo	sena	-	-	-	sigaLa	sigar	simeze	seNtura	serkar	serCar	-	konoser	koLar	kOLo	koLor	koLoNbo	kolmELo	koLOna	koNpaNoN	koNsar	koNtar	koNseGo	koNstreNzer	kuzidura	-	kuzinar	kurame	kornize	skorlar	kOsa	kreder	krEto	kreser	krEa	krivELo	kruo	gropo	kroze	-	kogoma	kolma	kortELo	kuLo	ko	kuna	korer	kurto	kasa	sima	siziLa	-	danar	djeze	-	-	zozo	zo	desperarse	despoGar	destruzer	deveNtar	-	dir	doo	dresar	dreto	deskargar	speNder	strasar	zorno	dOna	domenega	dOso	-	dolse	do	dodeze	-	Eser	sazar	skaNpar	skoLar	skursar	speNzer	spOrzer	skwarsar	suto	stOrzer	strusjar	strukar	zveGar	far	faCeNda	fuina	fagEr	faLo	-	fameGa	faLiva	febraro	feN	fEro	fjuba	fiLo	-	fugasa	fogo	fOLa	fwora	-	fOrsa	frakar	-	frasene	frizer	formeNto	fumo	foNgo	furegar	fornEr	-	gaza	gaLeta	gaLina	gaLo	zEnero	zeNte	zenOCo	zermanego	zErla	Gaso	granEr	-	grezo	grOso	goernar	goErno	Gosar	Gosa	arela	GEri	Omo	orzo	orto	ospeal	urtar	La	iNkaNdir	-	iNsiNta	iNCavar	riNkreser	iNdormeNsar	-	iNfjar	iNzenokarse	iNteNder	iNteNzer	iNtOrzer	iNtosegar	iNvidar	dezunar	-	zogo	zOo	zoNtar	zoNta	-	zovene	lavElo	laorar	late	Lana	laso	lareze	lavaor	-	letoriN	lEto	lEzer	likar	lOGo	-	luganega	luzer	logorar	noNboLo	luminal	luni	lovo	makar	maNar	maNteNir	marsir	mar	maridar	martELo	-	-	mEzo	mjEl	melaso	meNsonar	meze	mErkore	mEda	meGo	menar	menuaGa	menuo	maraveGa	misjar	meter	mOLa	moLinEr	moliN	mOGo	mOLo	moNtezELo	-	mover	-	mojEr	muLo	muro	moska	modjoN	nazo	nadal	NiNte	nEsa	nio	nevegar	-	nOtoLa	-	-	nOte	nuvoLo	noNsoLo	nOse	noza	sCuro	otobre	-	Opjo	Oso	vovo	pagar	paLaso	paLo	paluo	panariso	-	paniso	paNsa	paveGa	pEr	parlar	parar	parE	pasuo	paso	pastiso	poko	puzar	pegorEr	petenar	pekoLo	petar	pEzo	peLisa	pELe	peNder	pErder	perdonar	peLegriN	pErsego	pie	pjEra	persemoLo	pEsa	paNtezar	fazjOLo	peso	pegoLa	peLo	depeNzar	pevare	pero	peskaor	pese	pitEr	pjaser	pjaNzer	pjasa	pjato	pjover	pjoNbo	pi	pjova	pozar	poLeNta	pomo	porTELo	portjEr	presto	puLeze	poNzer	poso	kwatro	-	kwiNdeze	siNkwaNta	siNkwe	ko	raize	rakoLa	rana	raNsjo	restELo	-	rovErso	roNkizar	ozmariN	rua	rodELa	rOso	roNper	-	sako	seda	sedoLa	sal	saltaro	saLudo	saLudar	saNtoLo	saver	sapa	skaravazo	sCeNza	-	skriver	segar	-	sELeno	semeNsa	seNpre	sEte	-	sera	seraGo	sie	-	-	CifoLar	sesoLa	somEGa	se	sOkoLo	solEr	sfOGo	sjOLa	sjOLo	sorze	spaLa	spjEra	spozo	-	staza	steLa	-	streNto	streNzer	stropar	soboGir	sutil	suar	solfare	sordo	-	tavELa	tazer	taGar	-	tamizo	taNto	tastar	tasELo	teCa	teNpo	tEnero	teNir	terasa	tErso	tasELo	-	-	teNzer	-	tor	-	trE	dresa	treNta	tramOza	trapie	tresa	oNsa	oNto	uNdeze	-	oNGa	-	-	-	vaLe	varOLo	-	veNder	venare	veNir	-	varsuro	-	viNti	vinasa	viNser	viN	verza	verde	vedELo	vida	viver	vodo	oLadega	voLeNtjEra	vOlta	gomjEr	bolpe	zbolsegar	zeNzaLa	moNzer	deskalso	fredo	GEmo	aNkuzene	laNbrusko	gaNdena	-	njOra	-	tuto	bOsa	kaLizene	skuljEr	stroNso	eLo	sto	brasal	brOLo	brusko	saLizar	-	figEr	-	fraGare	teLEr	dezmisjar	durELo	-	buzo	strasar	rozada	lake	fasoLeto	venesjaN	iNdove	gwaLivar	barbuso	zbadaGar	-	bizato	boraskada	buzarona	-	skaLONa	kaNdeljEr	kaveGara	karoLar	iNkatiGar	-	bigoLo	-	skomeNsar	koNsa	konio	-	siziLeta	iNdreNto	durELo	briskoLo	skalfarOti	-	feNtiso	fritoLa	fornELo	iNzeNarse	iNtimELa	zlavinar	loreta	vaneza	-	masOLa	-	saLamora	noLizar	-	panezELo	parusoLa	strapaso	poGana	-	skwasa	raNsio	ruspjo	saNgwene	seNta	seCEr	skirato	soaza	soGEr	spinELo	-	sporkeso	stropEr	-	-	stiso	vaoN	varezar	barbastrELo	zvodar	-	bigoLo	mokoLar	fErsa	skisa	Gutar	garOfoLo	-	skader	fradELo	medezina	iNprometer	radiza	rider	vedoa	-
Venice	Vz	Ez	-	albEo	seNsa	akOrzerse	asae	rame	aNEo	aLa	alsar	-	-	aneLo	ano	azola	-	vErzer	postiso	raNo	skaLoNa	tEza	agosto	orEze	aso	baGar	-	batOCo	bater	bisEsto	bruskar	-	boka	buzarar	bota	kavaLo	kagar	kalsa	kalsina	kaLor	kaNpo	kanal	graNso	kaNsoN	kavejo	kavrjOLo	-	karboN	garzar	kargar	karo	karezo	kazaLiN	kastELo	sena	-	-	-	sigaLa	sigar	simeze	seNtura	serkar	serCar	-	konoser	koLar	kOLo	koLor	koLoNbo	kolmELo	koLOna	koNpaNoN	koNsar	koNtar	koNseGo	koNstreNzer	kuzidura	-	kuzinar	kurame	kornize	skorlar	kOsa	kreder	krEto	kreser	krEa	krivELo	kruo	gropo	kroze	-	kogoma	kolma	kortELo	kuLo	ko	kuna	korer	kurto	kasa	sima	siziLa	-	danar	djeze	-	-	zozo	zo	desperarse	despoGar	destruzer	deveNtar	-	dir	doo	dresar	dreto	deskargar	speNder	strasar	zorno	dOna	domenega	dOso	-	dolse	do	dodeze	-	Eser	sazar	skaNpar	skoLar	skursar	speNzer	spOrzer	skwarsar	suto	stOrzer	strusjar	strukar	zveGar	far	faCeNda	fuina	fagEr	faLo	-	fameGa	faLiva	fevrEr	feN	fEro	fjuba	fiLo	-	fugasa	fogo	fOLa	fwora	-	fOrsa	frakar	-	frasene	frizer	formeNto	fumo	foNgo	furegar	fornEr	-	gaza	gaLeta	gaLina	gaLo	zEnero	zeNte	zenOCo	zermanego	zErla	Gaso	granEr	-	grezo	grOso	goernar	goErno	Gosar	Gosa	arela	GEri	Omo	orzo	orto	ospeal	urtar	La	iNkaNdir	-	iNsiNta	iNCavar	riNkreser	iNdormeNsar	-	iNfjar	iNzenokarse	iNteNder	iNteNzer	iNtOrzer	iNtosegar	iNvidar	dezunar	-	zogo	zOo	zoNtar	zoNta	-	zovene	lavElo	laorar	late	Lana	laso	lareze	lavaor	-	letoriN	lEto	lEzer	likar	lOGo	-	luganega	luzer	logorar	noNboLo	luminal	luni	lovo	makar	maNar	maNteNir	marsir	mar	maridar	martELo	-	-	mEzo	mjEl	melaso	meNsonar	meze	mErkore	mEda	meGo	menar	menuaGa	menuo	maraveGa	misjar	meter	mOLa	moLinEr	moliN	mOGo	mOLo	moNtezELo	-	mover	-	mojEr	muLo	muro	moska	modjoN	nazo	nadal	NiNte	-	nio	nevegar	-	nOtoLa	-	-	nOte	nuvoLo	noNsoLo	nOse	noza	sCuro	otobre	-	Opjo	Oso	vovo	pagar	paLaso	paLo	paluo	panariso	-	paniso	paNsa	paveGa	pEr	parlar	parar	parE	pasuo	paso	pastiso	poko	puzar	pegorEr	petenar	pekoLo	petar	pEzo	peLisa	pELe	peNder	pErder	perdonar	peLegriN	pErsego	pie	pjEra	persemoLo	pEsa	paNtezar	fazjOLo	peso	pegoLa	peLo	depeNzar	pevare	pero	peskaor	pese	pitEr	pjaser	pjaNzer	pjasa	pjato	pjover	pjoNbo	pi	pjova	pozar	poLeNta	pomo	porTELo	portjEr	presto	puLeze	poNzer	poso	kwatro	-	kwiNdeze	siNkwaNta	siNkwe	ko	raiza	rakoLa	rana	raNsjo	restELo	-	rovErso	roNkizar	ozmariN	rua	rodELa	rOso	roNper	-	sako	seda	sedoLa	sal	saltaro	saLudo	saLudar	saNtoLo	saver	sapa	skaravazo	sCeNza	-	skriver	segar	-	sELeno	semeNsa	seNpre	sEte	-	sera	seraGo	sie	-	-	CifoLar	sesoLa	-	se	sOkoLo	solEr	sfOGo	sjOLa	sjOLo	sor7e	spaLa	spjEra	spozo	-	staza	steLa	-	streNto	streNzer	stropar	soboGir	sutil	suar	solfare	sordo	-	tavELa	tazer	taGar	-	tamizo	taNto	tastar	tasELo	teCa	teNpo	tEnero	teNir	terasa	tErso	tasELo	-	-	teNzer	-	tor	-	trE	dresa	treNta	tramOza	trapie	tresa	oNsa	oNto	uNdeze	-	oNGa	-	-	-	vaLe	varOLo	-	veNder	veNdre	veNir	-	varsuro	-	viNti	vinasa	viNser	viN	verza	verde	vedELo	vida	viver	vodo	oLadega	voLeNtjEra	vOlta	gomjEr	bolpe	zbolsegar	zeNzaLa	moNzer	deskalso	fredo	GEmo	aNkuzene	laNbrusko	gaNdena	-	njOra	-	tuto	bOsa	kaLizene	skuljEr	stroNso	eLo	sto	brasal	brOLo	brusko	saLizar	-	figEr	-	fraGare	teLEr	dezmisjar	durELo	-	-	strasar	rozada	lake	fasoLeto	venesjaN	iNdove	gwaLivar	barbuso	zbadaGar	-	bizato	boraskada	buzarona	-	skaLONa	kaNdeljEr	kaveGara	karoLar	iNkatiGar	-	bigoLo	-	skomeNsar	koNsa	konio	-	siziLeta	iNdreNto	durELo	biskoLo	skalfarOti	-	feNtiso	fritoLa	fornELo	iNzeNarse	iNtimELa	zlavinar	loreta	vaneza	-	masOLa	-	saLamora	noLizar	-	panezELo	parusoLa	strapaso	poGana	-	skwasa	raNsio	ruspjo	saNgwene	seNta	seCEr	skirato	soaza	soGEr	spinELo	-	sporkeso	stropEr	-	-	stiso	vaoN	varezar	barbastrELo	zvodar	-	bigoLo	mokoLar	fErsa	skisa	Gutar	garOfoLo	-	skader	fradELo	medezina	iNprometer	radiza	rider	vedoa	-
Venice	Vz	Gm	-	albEo	seNsa	akOrzerse	asae	rame	aNEo	aLa	alsar	-	-	aneLo	ano	azola	-	vErzer	postiso	raNo	-	tEza	agosto	orEze	aso	baGar	-	batOCo	bater	bisEsto	bruskar	-	boka	buzarar	bota	kavaLo	-	kalsa	kalsina	kaLor	kaNpo	kanal	graNso	kaNsoN	kavejo	kavrjOLo	-	karboN	garzar	kargar	karo	karezo	kazaLiN	kastELo	sena	-	-	-	sigaLa	sigar	simeze	seNtura	serkar	serCar	guCaro	konoser	koLar	kOLo	koLor	koLoNbo	kolmELo	koLOna	koNpaNoN	koNsar	koNtar	koNseGo	koNstreNzer	kuzidura	-	kuzinar	kurame	kornize	skorlar	kOsa	kreder	krEto	kreser	krEa	krivELo	kruo	gropo	kroze	-	kogoma	kolma	kortELo	kuLo	ko	kuna	korer	kurto	kasa	sima	siziLa	-	danar	djeze	-	-	zozo	zo	desperarse	despojarse	destruzer	deveNtar	-	dir	doo	dresar	dreto	deskargar	speNder	strasar	zorno	dOna	domenega	dOso	-	dolse	do	dodeze	-	Eser	sazar	skaNpar	skoLar	skursar	-	spOrzer	skwarsar	suto	stOrzer	strusjar	strukar	zveGar	far	faCeNda	fuina	fagEr	faLo	-	fameGa	faLiva	febraro	feN	fEro	fjuba	fiLo	-	fugasa	fogo	fOLa	fwora	-	fOrsa	frakar	-	frasene	frizer	formeNto	fumo	foNgo	furegar	fornaro	-	gaza	gaLeta	gaLina	gaLo	zEnero	-	zenOCo	zermanego	zErla	Gaso	granaro	-	grezo	grOso	goernar	goErno	Gosar	Gosa	arela	GEri	Omo	orzo	orto	ospeal	urtar	La	iNkaNdir	-	iNsiNta	iNCavare	riNkreser	iNdormeNsar	-	iNfjar	iNzenokarse	iNteNder	iNteNzer	iNtOrzer	iNtosegar	iNvidar	dezunar	-	zogo	zOo	zoNtar	zoNta	-	zovene	lavElo	laorar	late	Lana	laso	lareze	lavaor	-	letoriN	lEto	lEzer	likar	OGo	-	luganega	luzer	logorar	noNboLo	luminal	luni	lovo	makar	maNar	maNteNir	marsir	mar	maridar	martELo	-	-	mEzo	mjEl	melaso	meNsonar	meze	mErkore	mEda	meGo	menar	menuaGa	menuo	maraveGa	misjar	meter	mOLa	munaro	moliN	mOGo	mOLo	moNtezELo	-	mover	-	mujEre	muLo	muro	moska	modjoN	nazo	nadal	NiNte	nesa	nio	nevegar	-	nOtoLa	-	-	nOte	nuvoLo	noNsoLo	nOse	noza	sCuro	otobre	-	Opjo	Oso	vovo	pagar	paLaso	paLo	paluo	panariso	-	paniso	paNsa	paveGa	pEr	parlar	parar	parE	pasuo	paso	pastiso	poko	puzar	pegoraro	petenar	pekoLo	petar	pEzo	peLisa	pELe	peNder	pErder	perdonar	peLegriN	pErsego	pie	pjEra	persemoLo	pEsa	paNtezar	fazjOLo	peso	pegoLa	peLo	depeNzar	pevare	pero	peskaor	pese	pitEr	pjaser	pjaNzer	pjasa	pjato	pjover	pjoNbo	pi	pjova	pozar	poLeNta	pomo	porTELo	portjEr	presto	puLeze	poNzer	poso	kwatro	-	kwiNdeze	siNkwaNta	siNkwe	ko	raiza	rakoLa	rana	raNsjo	restELo	-	rovErso	roNkizar	ozmariN	rua	rodELa	rOso	roNper	-	sako	seda	sedoLa	sal	saltaro	saLudo	saLudar	saNtoLo	saver	sapa	skaravazo	sCeNza	-	skriver	segar	-	sELeno	semeNsa	seNpre	sEte	-	sera	seraGo	sie	-	-	CifoLar	sesoLa	someja	se	sOkoLo	solEr	sfOGo	sjOLa	sjOLo	-	spaLa	spjEra	spozo	-	staza	steLa	-	streNto	streNzer	stropar	soboGir	sutil	suar	solfare	sordo	-	tavELa	tazer	taGar	-	tamizo	taNto	tastar	tasELo	teCa	teNpo	tEnero	teNir	terasa	tErso	tasELo	-	-	teNzer	-	tor	-	trE	dresa	treNta	tramOza	trapie	tresa	oNsa	oNto	uNdeze	-	oNGa	-	-	-	vaLe	varOLo	-	veNder	venare	veNir	-	varsuro	-	viNti	vinasa	viNser	viN	verza	verde	vedELo	vida	viver	vodo	oLadega	voLeNtjEra	vOlta	gomjEr	bolpe	zbolsegar	zeNzaLa	moNzer	deskalso	fredo	GEmo	aNkuzene	laNbrusko	gaNdena	-	njOra	-	tuto	bOsa	kaLizene	skuljEr	stroNso	eLo	sto	brasal	brOLo	brusko	saLizar	-	figEr	-	fraGare	tearo	dezmisjar	durELo	-	buzo	strasar	rozada	lake	fasoLeto	venesjaN	iNdove	gwaLivar	barbuso	zbadaGar	-	bizato	boraskada	buzarona	-	skaLONa	kaNdeljEr	kaveGara	karoLar	iNkatiGar	-	bigoLo	-	skomeNsar	koNsa	konio	-	siziLeta	iNdreNto	durELo	biskoLo	skalfarOti	-	feNtiso	fritoLa	fornELo	iNzeNarse	iNtimELa	zlavinar	loreta	vaneza	-	masOLa	-	saLamora	noLizar	-	panezELo	parusoLa	strapaso	poGana	-	skwasa	raNsio	ruspjo	saNgwene	seNta	seCEr	skirato	soaza	soGEr	spinELo	-	sporkeso	stropEr	-	-	stiso	vaoN	varezar	barbastrELo	zvodar	-	bigoLo	mokoLar	fErsa	skisa	Gutar	garOfoLo	-	skader	fradELo	medezina	iNprometer	radiza	rider	vedoa	-
West	Vr	Vr	vaNsar	-	sENsa	akOr7arse	asE	rame	aNEl	-	alsar	altesa	-	anEl	ano	azola	-	vErzar	postiso	raNo	-	teza	-	oreveze	-	bajar	baNkal	-	bater	-	bruskar	bruto	boka	buzarar	bota	kaval	-	kalsa	kalsina	kalor	kaNpo	kanal	-	-	kavel	kavrjol	kasa	karboN	-	kargar	karo	-	kazaliN	kastEl	sena	senar	sera	sErto	sigala	sigar	simeze	-	-	serCar	kuCar	konosar	kolar	kOl	kolor	koloNbo	kolmELo	kolOna	koNpaNo	koNsar	koNtar	-	-	kozidura	-	-	korame	-	skorlar	kOsa	kredar	-	kresar	krEa	krivEl	kruo	gropo	kroze	koar	kogoma	-	kortEl	kul	ko	kuna	korar	kurto	kasa	sima	-	-	danar	djeze	-	dENte	dozo	zo	despararse	despojar	-	deveNtar	-	dir	doo	-	-	deskargar	spENdar	strasar	-	dOna	-	dOso	dozENto	dolse	do	dodeze	-	Esar	sajar	-	-	-	-	-	-	suto	stOrzar	struzjar	strukar	-	far	-	-	fagar	falo	-	fameja	faliva	-	fjeN	fEro	fibja	-	-	fogasa	fogo	fOl	fora	-	fOrsa	frakar	-	frasino	frizar	formeNto	fumo	foNgo	-	-	-	gaza	galeta	galina	gal	zEnero	-	zenOCo	-	zErla	Gaso	granar	-	grezo	grOso	goernar	goErno	-	gosa	arEla	Geri	Omo	-	-	-	urtar	la	iNkaNdir	-	-	iNCavar	riNkresar	-	desfaNtar	-	iNzenokarse	iNtENdar	iNteNzar	iNtOrzar	-	-	dizunar	-	zogo	-	zoNtar	zoNta	-	-	lavEl	laorar	late	lana	laso	larzo	-	lasar	leturiN	lEto	lEzar	lekar	-	losa	luganega	-	-	-	-	luni	lovo	-	-	-	-	mar	-	-	-	asa	-	mel	-	-	-	-	-	-	-	-	-	-	-	-	-	-	-	-	-	-	-	-	-	-	-	muro	-	-	nazo	nadal	NeNte	NEko	nio	nevegar	-	-	-	-	nOte	nuvolo	-	nOse	noza	sCuro	-	-	-	Oso	ovo	-	palaso	pal	-	panariso	paNdar	paniso	paNsa	paveja	-	parlar	parar	-	pasuo	paso	pastiso	poko	-	-	petenar	pekolo	petar	-	pelisa	pEle	-	pErdar	-	-	pErsego	pje	pjera	parsemolo	-	paNtezar	fazol	peso	pegola	pel	-	pevar	pero	peskador	pese	pitar	-	pjaNzar	pjasa	pjato	pjovar	-	pi	pjova	-	polENta	pomo	-	-	-	pulzo	poNzar	poso	kwatro	-	-	-	-	-	-	rakola	rane	raNso	restEl	ardiva	-	roNkezar	guzmariN	-	-	rOso	roNpar	-	sako	seda	-	sal	-	saludo	saludar	-	saver	sapa	-	-	-	-	segar	-	sEleno	semeNsa	-	sEte	-	-	-	-	-	sjolar	sifolar	-	sumea	se	sOkolo	-	-	sola	-	-	spala	-	spozo	-	staza	-	-	streto	streNzar	stupar	sebojir	sutil	-	solfaro	sordo	-	tavEla	tazar	-	tamarizo	tamizo	taNto	tastar	tasEl	teja	tENpo	-	teNer	terasa	tErso	tasEl	sio	-	teNzar	too	tor	-	trE	-	-	-	tripje	-	oNsa	oNto	oNdeze	-	oNGa	-	-	valaNsana	val	varola	-	veNdar	vEnardi	veNer	vENto	-	-	viNti	-	viNsar	viN	verza	verde	-	-	vivar	-	-	-	vOlta	gomer	bolpe	-	zdiNsala	-	deskalso	fredo	GEmo	aNkuzene	-	-	noar	nOra	tOpa	tuto	bOsa	kaluzene	skuljEro	-	elo	sto	brasal	brol	bruska	-	kadenaso	figar	fojo	frajar	telar	dezmisjar	durEl	bolda	-	strasar	rozada	-	fasoleto	-	aNdove	gwalivar	barbisol	-	-	imbizar	boraskada	-	-	skalONa	kaNdeljer	kavelara	karolar	iNkatjare	-	-	komaroN	-	koNsa	kunEl	-	-	iNdeNtro	durEl	-	skalfarOto	-	feNtiso	fritola	-	iNzeNarse	-	zlajnar	-	-	-	-	-	salamOra	nolezar	pajola	-	-	strapaso	pojana	-	skwasa	-	ruspjo	saNgwenEl	sENto	seCar	skilato	soaza	-	spinjEl	spimarola	sporkeso	stroparo	-	-	stiso	-	-	barbastijo	udar	vualtri	-	-	fErsa	skisa	Gutar	garOfolo	-	skadar	fradEl	-	-	-	ridar	-	botjer
West	Vr	Vr	vaNsar	-	sENsa	akOr7arse	asE	rame	aNEl	-	alsar	altesa	-	anEl	ano	azola	-	vErzar	postiso	raNo	-	teza	-	oreveze	-	bajar	baNkal	-	bater	-	bruskar	bruto	boka	buzarar	bota	kaval	-	kalsa	kalsina	kalor	kaNpo	kanal	-	-	kavel	kavrjol	kasa	karboN	-	kargar	karo	-	kazaliN	kastEl	sena	senar	sera	sErto	sigala	sigar	simeze	-	-	serCar	kuCar	konosar	kolar	kOl	kolor	koloNbo	kolmELo	kolOna	koNpaNo	koNsar	koNtar	-	-	kozidura	-	-	korame	-	skorlar	kOsa	kredar	-	kresar	krEa	krivEl	kruo	gropo	kroze	koar	kogoma	-	kortEl	kul	ko	kuna	korar	kurto	kasa	sima	-	-	danar	djeze	-	dENte	dozo	zo	despararse	despojar	-	deveNtar	-	dir	doo	-	-	deskargar	spENdar	strasar	-	dOna	-	dOso	dozENto	dolse	do	dodeze	-	Esar	sajar	-	-	-	-	-	-	suto	stOrzar	struzjar	strukar	-	far	-	-	fagar	falo	-	fameja	faliva	-	fjeN	fEro	fibja	-	-	fogasa	fogo	fOl	fora	-	fOrsa	frakar	-	frasino	frizar	formeNto	fumo	foNgo	-	-	-	gaza	galeta	galina	gal	zEnero	-	zenOCo	-	zErla	Gaso	granar	-	grezo	grOso	goernar	goErno	-	gosa	arEla	Geri	Omo	-	-	-	urtar	la	iNkaNdir	-	-	iNCavar	riNkresar	-	desfaNtar	-	iNzenokarse	iNtENdar	iNteNzar	iNtOrzar	-	-	dizunar	-	zogo	-	zoNtar	zoNta	-	-	lavEl	laorar	late	lana	laso	larzo	-	lasar	leturiN	lEto	lEzar	lekar	-	losa	luganega	-	-	-	-	luni	lovo	-	-	-	-	mar	-	-	-	asa	-	mel	-	-	-	-	-	-	-	-	-	-	-	-	-	-	-	-	-	-	-	-	-	-	-	muro	-	-	nazo	nadal	NeNte	NEko	nio	nevegar	-	-	-	-	nOte	nuvolo	-	nOse	noza	sCuro	-	-	-	Oso	ovo	-	palaso	pal	-	panariso	paNdar	paniso	paNsa	paveja	-	parlar	parar	-	pasuo	paso	pastiso	poko	-	-	petenar	pekolo	petar	-	pelisa	pEle	-	pErdar	-	-	pErsego	pje	pjera	parsemolo	-	paNtezar	fazol	peso	pegola	pel	-	pevar	pero	peskador	pese	pitar	-	pjaNzar	pjasa	pjato	pjovar	-	pi	pjova	-	polENta	pomo	-	-	-	pulzo	poNzar	poso	kwatro	-	-	-	-	-	-	rakola	rane	raNso	restEl	ardiva	-	roNkezar	guzmariN	-	-	rOso	roNpar	-	sako	seda	-	sal	-	saludo	saludar	-	saver	sapa	-	-	-	-	segar	-	sEleno	semeNsa	-	sEte	-	-	-	-	-	sjolar	sifolar	-	sumea	se	sOkolo	-	-	sola	-	-	spala	-	spozo	-	staza	-	-	streto	streNzar	stupar	sebojir	sutil	-	solfaro	sordo	-	tavEla	tazar	-	tamarizo	tamizo	taNto	tastar	tasEl	teja	tENpo	-	teNer	terasa	tErso	tasEl	sio	-	teNzar	too	tor	-	trE	-	-	-	tripje	-	oNsa	oNto	oNdeze	-	oNGa	-	-	valaNsana	val	varola	-	veNdar	vEnardi	veNer	vENto	-	-	viNti	-	viNsar	viN	verza	verde	-	-	vivar	-	-	-	vOlta	gomer	bolpe	-	zdiNsala	-	deskalso	fredo	GEmo	aNkuzene	-	-	noar	nOra	tOpa	tuto	bOsa	kaluzene	skuljEro	-	elo	sto	brasal	brol	bruska	-	kadenaso	figar	fojo	frajar	telar	dezmisjar	durEl	bolda	-	strasar	rozada	-	fasoleto	-	aNdove	gwalivar	barbisol	-	-	imbizar	boraskada	-	-	skalONa	kaNdeljer	kavelara	karolar	iNkatjare	-	-	komaroN	-	koNsa	kunEl	-	-	iNdeNtro	durEl	-	skalfarOto	-	feNtiso	fritola	-	iNzeNarse	-	zlajnar	-	-	-	-	-	salamOra	nolezar	pajola	-	-	strapaso	pojana	-	skwasa	-	ruspjo	saNgwenEl	sENto	seCar	skilato	soaza	-	spinjEl	spimarola	sporkeso	stroparo	-	-	stiso	-	-	barbastijo	udar	vualtri	-	-	fErsa	skisa	Gutar	garOfolo	-	skadar	fradEl	-	-	-	ridar	-	botjer
West	Vr	Rd	vaNsar	-	sENsa	akOrzarse	asE	rame	aNe	-	alsar	altesa	-	anEl	ano	azola	-	vErzar	postiso	raNo	-	teza	-	oreveze	-	bajar	baNkal	-	bater	-	bruskar	bruto	boka	buzarar	bota	kaval	-	kalsa	kalsina	kalor	kaNpo	kanal	-	-	kavel	kavrjol	kasa	karboN	-	kargar	karo	-	kazaliN	kastEl	sena	senar	sera	sErto	sigala	sigar	simeze	-	-	serCar	kuCar	konosar	kolar	kOl	kolor	koloNbo	kolmELo	kolOna	koNpaNo	koNsar	koNtar	-	-	kozidura	-	-	korame	-	skorlar	kOsa	kredar	-	kresar	krEa	krivEl	kruo	gropo	kroze	koar	kogoma	-	kortEl	kul	ko	kuna	korar	kurto	kasa	sima	-	-	danar	djeze	-	dENte	dozo	zo	despararse	despojar	-	deveNtar	-	dir	doo	-	-	deskargar	spENdar	strasar	-	dOna	-	dOso	dozENto	dolse	do	dudeze	-	Esar	sajar	-	-	-	-	-	-	suto	stOrzar	struzjar	strukar	-	far	-	-	fagar	falo	-	fameja	faliva	febrar	fjeN	fEro	fibja	-	-	fogasa	fogo	fOl	fora	-	fOrsa	frakar	-	frasino	frizar	formeNto	fumo	foNgo	-	-	-	gaza	galeta	galina	gal	zEnero	-	zenOCo	-	zErla	Gaso	granar	-	grezo	grOso	goernar	goErno	-	gosa	arEla	Geri	Omo	-	-	-	urtar	la	iNkaNdir	-	-	iNCavar	riNkresar	-	desfaNtar	-	iNzenokarse	iNtENdar	iNteNzar	iNtOrzar	-	-	dizunar	-	zogo	-	zoNtar	zoNta	-	-	lavEl	laorar	late	lana	laso	larzo	-	lasar	leturiN	lEto	lEzar	lekar	lujo	losa	luganega	-	-	-	-	luni	lovo	-	-	-	-	-	-	-	-	asa	-	mel	-	-	-	-	-	-	-	-	-	-	-	-	-	mulinar	-	-	-	-	-	-	-	mujer	-	muro	-	-	nazo	nadal	NeNte	NEko	nio	nevegar	-	-	-	-	nOte	nuvolo	-	nOse	noza	sCuro	-	-	-	Oso	ovo	-	palaso	pal	-	panariso	paNdar	paniso	paNsa	paveja	-	parlar	parar	-	pasuo	paso	pastiso	poko	-	-	petenar	pekolo	petar	-	pelisa	pEle	-	pErdar	-	-	pErsego	pje	pjera	parsemolo	-	paNtezar	fazol	peso	pegola	pel	-	pevar	pero	peskador	pese	pitar	-	pjaNzar	pjasa	pjato	pjovar	-	pi	pjova	-	polENta	pomo	-	-	-	pulzo	poNzar	poso	kwatro	-	-	-	-	-	raiza	rakola	rane	raNso	restEl	ardiva	-	roNkezar	guzmariN	-	-	rOso	roNpar	-	sako	seda	-	sal	-	saludo	saludar	-	saver	sapa	-	-	-	-	segar	-	sEleno	semeNsa	-	sEte	-	-	-	sie	-	sjolar	sifolar	-	sumeja	se	sOkolo	-	-	sola	-	-	spala	-	spozo	-	staza	-	-	streto	streNzar	stupar	sebojir	sutil	-	solfaro	sordo	-	tavEla	tazar	-	tamarizo	tamizo	taNto	tastar	tasEl	teja	tENpo	-	teNer	terasa	tErso	tasEl	sio	-	teNzar	too	tor	-	trE	-	-	-	tripje	-	oNsa	oNto	oNdeze	-	oNGa	-	-	valaNsana	val	varola	-	veNdar	vENdri	veNer	vENto	-	-	viNti	-	viNsar	viN	verza	verde	-	-	vivar	-	-	-	vOlta	gomer	bolpe	-	zdiNsala	-	deskalso	fredo	GEmo	aNkuzene	-	-	noar	nOra	tOpa	tuto	bOsa	kaluzene	skuljEro	-	elo	sto	brasal	brol	bruska	-	kadenaso	figar	fojo	frajar	telar	dezmisjar	durEl	bolda	buzo	strasar	rozada	-	fasoleto	-	aNdove	gwalivar	barbisol	-	-	imbizar	boraskada	-	-	skalONa	kaNdeljer	kavelara	karolar	iNkatjare	-	-	komaroN	-	koNsa	kunEl	-	-	iNdeNtro	durEl	-	skalfarOto	-	feNtiso	fritola	-	iNzeNarse	-	zlajnar	-	-	-	-	-	salamOra	nolezar	pajola	-	-	strapaso	pojana	-	skwasa	-	ruspjo	saNgwenEl	sENto	seCar	skilato	soaza	-	spinjEl	spimarola	sporkeso	stroparo	-	-	stiso	-	-	barbastijo	udar	vualtri	-	-	fErsa	skisa	Gutar	garOfolo	-	skadar	fradEl	-	-	-	ridar	-	botjer
West	Vr	al	vaNsar	-	sENsa	akOrzarse	asE	rame	aNEl	-	alsar	altesa	-	anEl	ano	azola	-	vErzar	postiso	raNo	-	teza	-	oreveze	-	bajar	baNkal	-	bater	-	bruskar	bruto	boka	buzarar	bota	kaval	-	kalsa	kalsina	kalor	kaNpo	kanal	-	-	kavel	kavrjol	kasa	karboN	-	kargar	karo	-	kazaliN	kastEl	sena	senar	sera	sErto	sigala	sigar	simeze	-	-	serCar	kuCar	konosar	kolar	kOl	kolor	koloNbo	kolmELo	kolOna	koNpaNo	koNsar	koNtar	-	-	kozidura	-	-	korame	-	skorlar	kOsa	kredar	-	kresar	krEa	krivEl	kruo	gropo	kroze	koar	kogoma	-	kortEl	kul	ko	kuna	korar	kurto	kasa	sima	-	-	danar	djeze	-	dENte	dozo	zo	despararse	despojar	-	deveNtar	-	dir	doo	-	-	deskargar	spENdar	strasar	-	dOna	-	dOso	dozENto	dolse	do	dodeze	-	Esar	sajar	-	-	-	-	-	-	suto	stOrzar	struzjar	strukar	-	far	-	-	fagar	falo	-	fameja	faliva	fevar	fjeN	fEro	fibja	-	-	fogasa	fogo	fOl	fora	-	fOrsa	frakar	-	frasino	frizar	formeNto	fumo	foNgo	-	furnar	-	gaza	galeta	galina	gal	zEnero	-	zenOCo	-	zErla	Gaso	granar	-	grezo	grOso	goernar	goErno	-	gosa	arEla	Geri	Omo	-	-	-	urtar	la	iNkaNdir	-	-	iNCavar	riNkresar	-	desfaNtar	-	iNzenokarse	iNtENdar	iNteNzar	iNtOrzar	-	-	dizunar	-	zogo	-	zoNtar	zoNta	-	-	lavEl	laorar	late	lana	laso	larzo	-	lasar	leturiN	lEto	lEzar	lekar	loj	losa	luganega	-	-	-	-	luni	lovo	-	-	-	-	-	-	-	-	asa	-	mel	-	-	-	-	-	-	-	-	-	-	-	-	-	molinar	-	-	-	-	-	-	-	-	-	muro	-	-	nazo	nadal	NeNte	NEko	nio	nevegar	-	-	-	-	nOte	nuvolo	-	nOse	nOs	sCuro	-	-	-	Oso	ovo	-	palaso	pal	-	panariso	paNdar	paniso	paNsa	paveja	-	parlar	parar	-	pasuo	paso	pastiso	poko	-	-	petenar	pekolo	petar	-	pelisa	pEle	-	pErdar	-	-	pErsego	pje	pjera	parsemolo	-	paNtezar	fazol	peso	pegola	pel	-	pevar	pero	peskador	pese	pitar	-	pjaNzar	pjasa	pjato	pjovar	-	pi	pjova	-	polENta	pomo	-	-	-	pulzo	poNzar	poso	kwatro	-	-	-	-	-	aris	rakola	rane	raNso	restEl	ardiva	-	roNkezar	guzmariN	-	-	rOso	roNpar	-	sako	seda	-	sal	-	saludo	saludar	-	saver	sapa	-	-	-	-	segar	-	sEleno	semeNsa	-	sEte	-	-	seraj	siE	-	sjolar	sifolar	-	someja	se	sOkolo	-	-	sola	-	-	spala	-	spozo	-	staza	-	-	streto	streNzar	stupar	sebojir	sutil	-	solfaro	sordo	-	tavEla	tazar	-	tamarizo	tamizo	taNto	tastar	tasEl	-	tENp	-	teNer	terasa	tErso	tasEl	sio	-	teNzar	too	tor	-	trE	-	-	-	tripje	-	oNsa	oNto	oNdeze	-	oNGa	-	-	valaNsana	val	varola	-	veNdar	vENdri	veNer	vENto	-	-	viNti	-	viNsar	viN	verza	verde	-	-	vivar	-	-	-	vOlta	gomer	bolpe	-	zdiNsala	-	deskalso	fredo	GEmo	aNkuzene	-	-	noar	nOra	tOpa	tuto	bOsa	kaluzene	skuljEro	-	elo	sto	brasal	brol	bruska	-	kadenaso	figar	fojo	frajar	telar	dezmisjar	durEl	bolda	bus	strasar	rozada	-	fasoleto	-	aNdove	gwalivar	barbisol	-	-	imbizar	boraskada	-	-	skalONa	kaNdeljer	kavelara	karolar	iNkatjare	-	-	komaroN	-	koNsa	kunEl	-	-	iNdeNtro	durEl	-	skalfarOto	-	feNtiso	fritola	-	iNzeNarse	-	zlajnar	-	-	-	-	-	salamOra	nolezar	pajola	-	-	strapaso	pojana	-	skwasa	-	ruspjo	saNgwenEl	sENto	seCar	skilato	soaza	-	spinjEl	spimarola	sporkeso	stroparo	-	-	stiso	-	-	barbastijo	udar	vualtri	-	-	fErsa	skisa	Gutar	garOfolo	-	skadar	fradEl	-	-	-	ridar	-	botjer
